certificate_valid,history_id,kendall_tau_b,mass_conserved,method,normalized_l1,score_equal,status,top_changed,transformation,unresolved_atoms
1,public-001,1.0,1,rivet,0.0,1,CERTIFIED,0,split,0
1,public-001,0.0,0,commit_count,0.038461538461538464,0,SCORED,0,split,0
1,public-001,1.0,1,line_count,0.0,1,SCORED,0,split,0
1,public-001,1.0,1,token_count,0.0,1,SCORED,0,split,0
1,public-001,1.0,1,structural_no_origin,3.762997985569628e-17,1,SCORED,0,split,0
1,public-001,1.0,1,entity_degree,0.0,1,SCORED,0,split,0
1,public-001,1.0,1,rivet,0.0,1,CERTIFIED,0,squash-certified,0
1,public-001,-1.0,0,commit_count,0.5,0,SCORED,1,squash-certified,0
1,public-001,0.3333333333333333,1,line_count,0.27601809954751133,0,SCORED,0,squash-certified,0
1,public-001,0.3333333333333333,1,token_count,0.31257533145841704,0,SCORED,0,squash-certified,0
1,public-001,0.3333333333333333,1,structural_no_origin,0.270505822600925,0,SCORED,0,squash-certified,0
1,public-001,0.3333333333333333,0,entity_degree,0.3055555555555556,0,SCORED,0,squash-certified,0
1,public-001,1.0,1,rivet,0.0,1,CERTIFIED,0,reorder-independent,0
1,public-001,1.0,1,commit_count,0.0,1,SCORED,0,reorder-independent,0
1,public-001,1.0,1,line_count,0.0,1,SCORED,0,reorder-independent,0
1,public-001,1.0,1,token_count,0.0,1,SCORED,0,reorder-independent,0
1,public-001,1.0,1,structural_no_origin,0.0,1,SCORED,0,reorder-independent,0
1,public-001,1.0,1,entity_degree,0.0,1,SCORED,0,reorder-independent,0
1,public-001,1.0,1,rivet,0.0,1,CERTIFIED,0,formatting,0
1,public-001,1.0,1,commit_count,0.0,1,SCORED,0,formatting,0
1,public-001,1.0,0,line_count,0.023369639737926183,0,SCORED,0,formatting,0
1,public-001,1.0,1,token_count,0.0,1,SCORED,0,formatting,0
1,public-001,1.0,1,structural_no_origin,0.0,1,SCORED,0,formatting,0
1,public-001,1.0,1,entity_degree,0.0,1,SCORED,0,formatting,0
1,public-001,1.0,1,rivet,0.0,1,CERTIFIED,0,empty-commit-padding,0
1,public-001,1.0,0,commit_count,0.0,0,SCORED,0,empty-commit-padding,0
1,public-001,1.0,1,line_count,0.0,1,SCORED,0,empty-commit-padding,0
1,public-001,1.0,1,token_count,0.0,1,SCORED,0,empty-commit-padding,0
1,public-001,1.0,1,structural_no_origin,0.0,1,SCORED,0,empty-commit-padding,0
1,public-001,1.0,1,entity_degree,0.0,1,SCORED,0,empty-commit-padding,0
1,public-001,1.0,1,rivet,0.0,1,CERTIFIED,0,file-move,0
1,public-001,1.0,1,commit_count,0.0,1,SCORED,0,file-move,0
1,public-001,1.0,1,line_count,0.0,1,SCORED,0,file-move,0
1,public-001,1.0,1,token_count,0.0,1,SCORED,0,file-move,0
1,public-001,1.0,1,structural_no_origin,0.0,1,SCORED,0,file-move,0
1,public-001,1.0,1,entity_degree,0.0,1,SCORED,0,file-move,0
1,public-001,1.0,1,rivet,0.0,1,CERTIFIED,0,event-map,0
1,public-001,1.0,1,commit_count,0.0,1,SCORED,0,event-map,0
1,public-001,1.0,1,line_count,0.0,1,SCORED,0,event-map,0
1,public-001,1.0,1,token_count,0.0,1,SCORED,0,event-map,0
1,public-001,1.0,1,structural_no_origin,0.0,1,SCORED,0,event-map,0
1,public-001,1.0,1,entity_degree,0.0,1,SCORED,0,event-map,0
1,public-001,1.0,1,rivet,0.0,1,CERTIFIED,0,alias-certified,0
1,public-001,0.0,1,commit_count,0.5,0,SCORED,0,alias-certified,0
1,public-001,-0.5477225575051661,1,line_count,0.6847662141779789,0,SCORED,1,alias-certified,0
1,public-001,-0.5477225575051661,1,token_count,0.6763760546404178,0,SCORED,1,alias-certified,0
1,public-001,-0.5477225575051661,1,structural_no_origin,0.6757924262951531,0,SCORED,1,alias-certified,0
1,public-001,0.18257418583505536,0,entity_degree,0.5277777777777778,0,SCORED,0,alias-certified,0
0,public-001,,1,rivet,,0,PARTIAL_ALIAS_ABSTENTION,,alias-ambiguous,0
0,public-001,0.0,1,commit_count,0.5,0,SCORED,0,alias-ambiguous,0
0,public-001,-0.5477225575051661,1,line_count,0.6847662141779789,0,SCORED,1,alias-ambiguous,0
0,public-001,-0.5477225575051661,1,token_count,0.6763760546404178,0,SCORED,1,alias-ambiguous,0
0,public-001,-0.5477225575051661,1,structural_no_origin,0.6757924262951531,0,SCORED,1,alias-ambiguous,0
0,public-001,0.18257418583505536,0,entity_degree,0.5277777777777778,0,SCORED,0,alias-ambiguous,0
0,public-001,,0,rivet,,0,ABSTAIN_ORIGIN,,squash-without-origin,4
0,public-001,1.0,0,commit_count,0.14285714285714285,0,SCORED,0,squash-without-origin,4
0,public-001,1.0,1,line_count,0.01809954751131222,0,SCORED,0,squash-without-origin,4
0,public-001,1.0,1,token_count,0.023704298915227,0,SCORED,0,squash-without-origin,4
0,public-001,1.0,1,structural_no_origin,0.012675624337070682,0,SCORED,0,squash-without-origin,4
0,public-001,1.0,0,entity_degree,0.2826086956521739,0,SCORED,0,squash-without-origin,4
1,public-002,1.0,1,rivet,0.0,1,CERTIFIED,0,split,0
1,public-002,1.0,0,commit_count,0.08333333333333333,0,SCORED,0,split,0
1,public-002,1.0,1,line_count,0.0,1,SCORED,0,split,0
1,public-002,1.0,1,token_count,0.0,1,SCORED,0,split,0
1,public-002,1.0,1,structural_no_origin,0.0,1,SCORED,0,split,0
1,public-002,1.0,1,entity_degree,0.0,1,SCORED,0,split,0
1,public-002,1.0,1,rivet,0.0,1,CERTIFIED,0,squash-certified,0
1,public-002,0.0,0,commit_count,0.5,0,SCORED,0,squash-certified,0
1,public-002,-0.3333333333333333,1,line_count,0.9065743944636678,0,SCORED,1,squash-certified,0
1,public-002,-0.3333333333333333,1,token_count,0.9029438822447102,0,SCORED,1,squash-certified,0
1,public-002,-0.3333333333333333,1,structural_no_origin,0.9151595064955391,0,SCORED,1,squash-certified,0
1,public-002,-0.3333333333333333,1,entity_degree,0.5625,0,SCORED,1,squash-certified,0
1,public-002,1.0,1,rivet,0.0,1,CERTIFIED,0,reorder-independent,0
1,public-002,1.0,1,commit_count,0.0,1,SCORED,0,reorder-independent,0
1,public-002,1.0,1,line_count,0.0,1,SCORED,0,reorder-independent,0
1,public-002,1.0,1,token_count,0.0,1,SCORED,0,reorder-independent,0
1,public-002,1.0,1,structural_no_origin,0.0,1,SCORED,0,reorder-independent,0
1,public-002,1.0,1,entity_degree,0.0,1,SCORED,0,reorder-independent,0
1,public-002,1.0,1,rivet,0.0,1,CERTIFIED,0,formatting,0
1,public-002,1.0,1,commit_count,0.0,1,SCORED,0,formatting,0
1,public-002,1.0,0,line_count,0.01833460656990069,0,SCORED,0,formatting,0
1,public-002,1.0,1,token_count,0.0,1,SCORED,0,formatting,0
1,public-002,1.0,1,structural_no_origin,0.0,1,SCORED,0,formatting,0
1,public-002,1.0,1,entity_degree,0.0,1,SCORED,0,formatting,0
1,public-002,1.0,1,rivet,0.0,1,CERTIFIED,0,empty-commit-padding,0
1,public-002,1.0,0,commit_count,0.0,0,SCORED,0,empty-commit-padding,0
1,public-002,1.0,1,line_count,0.0,1,SCORED,0,empty-commit-padding,0
1,public-002,1.0,1,token_count,0.0,1,SCORED,0,empty-commit-padding,0
1,public-002,1.0,1,structural_no_origin,0.0,1,SCORED,0,empty-commit-padding,0
1,public-002,1.0,1,entity_degree,0.0,1,SCORED,0,empty-commit-padding,0
1,public-002,1.0,1,rivet,0.0,1,CERTIFIED,0,file-move,0
1,public-002,1.0,1,commit_count,0.0,1,SCORED,0,file-move,0
1,public-002,1.0,1,line_count,0.0,1,SCORED,0,file-move,0
1,public-002,1.0,1,token_count,0.0,1,SCORED,0,file-move,0
1,public-002,1.0,1,structural_no_origin,0.0,1,SCORED,0,file-move,0
1,public-002,1.0,1,entity_degree,0.0,1,SCORED,0,file-move,0
1,public-002,1.0,1,rivet,0.0,1,CERTIFIED,0,event-map,0
1,public-002,1.0,1,commit_count,0.0,1,SCORED,0,event-map,0
1,public-002,1.0,1,line_count,0.0,1,SCORED,0,event-map,0
1,public-002,1.0,1,token_count,0.0,1,SCORED,0,event-map,0
1,public-002,1.0,1,structural_no_origin,0.0,1,SCORED,0,event-map,0
1,public-002,1.0,1,entity_degree,0.0,1,SCORED,0,event-map,0
1,public-002,1.0,1,rivet,0.0,1,CERTIFIED,0,alias-certified,0
1,public-002,-1.0,1,commit_count,0.75,0,SCORED,1,alias-certified,0
1,public-002,-0.5477225575051661,1,line_count,0.8235294117647058,0,SCORED,1,alias-certified,0
1,public-002,-0.5477225575051661,1,token_count,0.7249310027598896,0,SCORED,1,alias-certified,0
1,public-002,-0.5477225575051661,1,structural_no_origin,0.9269256998664402,0,SCORED,1,alias-certified,0
1,public-002,-1.0,0,entity_degree,0.8,0,SCORED,1,alias-certified,0
0,public-002,,1,rivet,,0,PARTIAL_ALIAS_ABSTENTION,,alias-ambiguous,0
0,public-002,-1.0,1,commit_count,0.75,0,SCORED,1,alias-ambiguous,0
0,public-002,-0.5477225575051661,1,line_count,0.8235294117647058,0,SCORED,1,alias-ambiguous,0
0,public-002,-0.5477225575051661,1,token_count,0.7249310027598896,0,SCORED,1,alias-ambiguous,0
0,public-002,-0.5477225575051661,1,structural_no_origin,0.9269256998664402,0,SCORED,1,alias-ambiguous,0
0,public-002,-1.0,0,entity_degree,0.8,0,SCORED,1,alias-ambiguous,0
0,public-002,,0,rivet,,0,ABSTAIN_ORIGIN,,squash-without-origin,3
0,public-002,0.8164965809277261,0,commit_count,0.14285714285714285,0,SCORED,0,squash-without-origin,3
0,public-002,1.0,1,line_count,0.08650519031141868,0,SCORED,0,squash-without-origin,3
0,public-002,1.0,1,token_count,0.13477460901563937,0,SCORED,0,squash-without-origin,3
0,public-002,0.3333333333333333,1,structural_no_origin,0.04750136449260522,0,SCORED,0,squash-without-origin,3
0,public-002,0.8164965809277261,0,entity_degree,0.2692307692307692,0,SCORED,0,squash-without-origin,3
1,public-003,1.0,1,rivet,0.0,1,CERTIFIED,0,split,0
1,public-003,1.0,0,commit_count,0.028846153846153848,0,SCORED,0,split,0
1,public-003,1.0,1,line_count,0.0,1,SCORED,0,split,0
1,public-003,1.0,1,token_count,0.0,1,SCORED,0,split,0
1,public-003,1.0,1,structural_no_origin,0.0,1,SCORED,0,split,0
1,public-003,1.0,1,entity_degree,0.0,1,SCORED,0,split,0
1,public-003,1.0,1,rivet,0.0,1,CERTIFIED,0,squash-certified,0
1,public-003,0.3333333333333333,0,commit_count,0.25,0,SCORED,0,squash-certified,0
1,public-003,0.3333333333333333,1,line_count,0.4177545691906005,0,SCORED,0,squash-certified,0
1,public-003,0.3333333333333333,1,token_count,0.38047914818101153,0,SCORED,0,squash-certified,0
1,public-003,-0.3333333333333333,1,structural_no_origin,0.510536240651073,0,SCORED,1,squash-certified,0
1,public-003,-1.0,0,entity_degree,0.7058823529411765,0,SCORED,1,squash-certified,0
1,public-003,1.0,1,rivet,0.0,1,CERTIFIED,0,reorder-independent,0
1,public-003,1.0,1,commit_count,0.0,1,SCORED,0,reorder-independent,0
1,public-003,1.0,1,line_count,0.0,1,SCORED,0,reorder-independent,0
1,public-003,1.0,1,token_count,0.0,1,SCORED,0,reorder-independent,0
1,public-003,1.0,1,structural_no_origin,0.0,1,SCORED,0,reorder-independent,0
1,public-003,1.0,1,entity_degree,0.0,1,SCORED,0,reorder-independent,0
1,public-003,1.0,1,rivet,0.0,1,CERTIFIED,0,formatting,0
1,public-003,1.0,1,commit_count,0.0,1,SCORED,0,formatting,0
1,public-003,1.0,0,line_count,0.02911439181453054,0,SCORED,0,formatting,0
1,public-003,1.0,1,token_count,0.0,1,SCORED,0,formatting,0
1,public-003,1.0,1,structural_no_origin,0.0,1,SCORED,0,formatting,0
1,public-003,1.0,1,entity_degree,0.0,1,SCORED,0,formatting,0
1,public-003,1.0,1,rivet,0.0,1,CERTIFIED,0,empty-commit-padding,0
1,public-003,1.0,0,commit_count,0.0,0,SCORED,0,empty-commit-padding,0
1,public-003,1.0,1,line_count,0.0,1,SCORED,0,empty-commit-padding,0
1,public-003,1.0,1,token_count,0.0,1,SCORED,0,empty-commit-padding,0
1,public-003,1.0,1,structural_no_origin,0.0,1,SCORED,0,empty-commit-padding,0
1,public-003,1.0,1,entity_degree,0.0,1,SCORED,0,empty-commit-padding,0
1,public-003,1.0,1,rivet,0.0,1,CERTIFIED,0,file-move,0
1,public-003,1.0,1,commit_count,0.0,1,SCORED,0,file-move,0
1,public-003,1.0,1,line_count,0.0,1,SCORED,0,file-move,0
1,public-003,1.0,1,token_count,0.0,1,SCORED,0,file-move,0
1,public-003,1.0,1,structural_no_origin,0.0,1,SCORED,0,file-move,0
1,public-003,1.0,1,entity_degree,0.0,1,SCORED,0,file-move,0
1,public-003,1.0,1,rivet,0.0,1,CERTIFIED,0,event-map,0
1,public-003,1.0,1,commit_count,0.0,1,SCORED,0,event-map,0
1,public-003,1.0,1,line_count,0.0,1,SCORED,0,event-map,0
1,public-003,1.0,1,token_count,0.0,1,SCORED,0,event-map,0
1,public-003,1.0,1,structural_no_origin,0.0,1,SCORED,0,event-map,0
1,public-003,1.0,1,entity_degree,0.0,1,SCORED,0,event-map,0
1,public-003,1.0,1,rivet,0.0,1,CERTIFIED,0,alias-certified,0
1,public-003,-0.9128709291752769,1,commit_count,0.875,0,SCORED,1,alias-certified,0
1,public-003,-0.18257418583505536,1,line_count,0.6135770234986945,0,SCORED,1,alias-certified,0
1,public-003,-0.18257418583505536,1,token_count,0.636379769299024,0,SCORED,1,alias-certified,0
1,public-003,-0.18257418583505536,1,structural_no_origin,0.5120408600154305,0,SCORED,1,alias-certified,0
1,public-003,0.18257418583505536,0,entity_degree,0.40476190476190477,0,SCORED,0,alias-certified,0
0,public-003,,1,rivet,,0,PARTIAL_ALIAS_ABSTENTION,,alias-ambiguous,0
0,public-003,-0.9128709291752769,1,commit_count,0.875,0,SCORED,1,alias-ambiguous,0
0,public-003,-0.18257418583505536,1,line_count,0.6135770234986945,0,SCORED,1,alias-ambiguous,0
0,public-003,-0.18257418583505536,1,token_count,0.636379769299024,0,SCORED,1,alias-ambiguous,0
0,public-003,-0.18257418583505536,1,structural_no_origin,0.5120408600154305,0,SCORED,1,alias-ambiguous,0
0,public-003,0.18257418583505536,0,entity_degree,0.40476190476190477,0,SCORED,0,alias-ambiguous,0
0,public-003,,0,rivet,,0,ABSTAIN_ORIGIN,,squash-without-origin,14
0,public-003,0.3333333333333333,0,commit_count,0.14285714285714285,0,SCORED,0,squash-without-origin,14
0,public-003,-0.3333333333333333,1,line_count,0.6214099216710183,0,SCORED,1,squash-without-origin,14
0,public-003,-0.3333333333333333,1,token_count,0.6924578527062999,0,SCORED,1,squash-without-origin,14
0,public-003,-0.3333333333333333,1,structural_no_origin,0.5985102310719341,0,SCORED,1,squash-without-origin,14
0,public-003,-1.0,0,entity_degree,0.7142857142857143,0,SCORED,1,squash-without-origin,14
1,public-004,1.0,1,rivet,0.0,1,CERTIFIED,0,split,0
1,public-004,1.0,0,commit_count,0.028846153846153848,0,SCORED,0,split,0
1,public-004,1.0,1,line_count,0.0,1,SCORED,0,split,0
1,public-004,1.0,1,token_count,0.0,1,SCORED,0,split,0
1,public-004,1.0,1,structural_no_origin,0.0,1,SCORED,0,split,0
1,public-004,1.0,1,entity_degree,0.0,1,SCORED,0,split,0
1,public-004,1.0,1,rivet,0.0,1,CERTIFIED,0,squash-certified,0
1,public-004,0.3333333333333333,0,commit_count,0.25,0,SCORED,0,squash-certified,0
1,public-004,0.3333333333333333,1,line_count,0.2222222222222222,0,SCORED,0,squash-certified,0
1,public-004,0.3333333333333333,1,token_count,0.17120954003407154,0,SCORED,0,squash-certified,0
1,public-004,0.3333333333333333,1,structural_no_origin,0.07719373801720071,0,SCORED,0,squash-certified,0
1,public-004,0.3333333333333333,1,entity_degree,0.2857142857142857,0,SCORED,0,squash-certified,0
1,public-004,1.0,1,rivet,0.0,1,CERTIFIED,0,reorder-independent,0
1,public-004,1.0,1,commit_count,0.0,1,SCORED,0,reorder-independent,0
1,public-004,1.0,1,line_count,0.0,1,SCORED,0,reorder-independent,0
1,public-004,1.0,1,token_count,0.0,1,SCORED,0,reorder-independent,0
1,public-004,1.0,1,structural_no_origin,0.0,1,SCORED,0,reorder-independent,0
1,public-004,1.0,1,entity_degree,0.0,1,SCORED,0,reorder-independent,0
1,public-004,1.0,1,rivet,0.0,1,CERTIFIED,0,formatting,0
1,public-004,1.0,1,commit_count,0.0,1,SCORED,0,formatting,0
1,public-004,1.0,0,line_count,0.023542922767728968,0,SCORED,0,formatting,0
1,public-004,1.0,1,token_count,0.0,1,SCORED,0,formatting,0
1,public-004,1.0,1,structural_no_origin,0.0,1,SCORED,0,formatting,0
1,public-004,1.0,1,entity_degree,0.0,1,SCORED,0,formatting,0
1,public-004,1.0,1,rivet,0.0,1,CERTIFIED,0,empty-commit-padding,0
1,public-004,1.0,0,commit_count,0.0,0,SCORED,0,empty-commit-padding,0
1,public-004,1.0,1,line_count,0.0,1,SCORED,0,empty-commit-padding,0
1,public-004,1.0,1,token_count,0.0,1,SCORED,0,empty-commit-padding,0
1,public-004,1.0,1,structural_no_origin,0.0,1,SCORED,0,empty-commit-padding,0
1,public-004,1.0,1,entity_degree,0.0,1,SCORED,0,empty-commit-padding,0
1,public-004,1.0,1,rivet,0.0,1,CERTIFIED,0,file-move,0
1,public-004,1.0,1,commit_count,0.0,1,SCORED,0,file-move,0
1,public-004,1.0,1,line_count,0.0,1,SCORED,0,file-move,0
1,public-004,1.0,1,token_count,0.0,1,SCORED,0,file-move,0
1,public-004,1.0,1,structural_no_origin,0.0,1,SCORED,0,file-move,0
1,public-004,1.0,1,entity_degree,0.0,1,SCORED,0,file-move,0
1,public-004,1.0,1,rivet,0.0,1,CERTIFIED,0,event-map,0
1,public-004,1.0,1,commit_count,0.0,1,SCORED,0,event-map,0
1,public-004,1.0,1,line_count,0.0,1,SCORED,0,event-map,0
1,public-004,1.0,1,token_count,0.0,1,SCORED,0,event-map,0
1,public-004,1.0,1,structural_no_origin,0.0,1,SCORED,0,event-map,0
1,public-004,1.0,1,entity_degree,0.0,1,SCORED,0,event-map,0
1,public-004,1.0,1,rivet,0.0,1,CERTIFIED,0,alias-certified,0
1,public-004,-0.9128709291752769,1,commit_count,0.875,0,SCORED,1,alias-certified,0
1,public-004,-0.9128709291752769,1,line_count,0.9382716049382716,0,SCORED,1,alias-certified,0
1,public-004,-0.9128709291752769,1,token_count,0.9165247018739353,0,SCORED,1,alias-certified,0
1,public-004,-0.9128709291752769,1,structural_no_origin,0.992513251491461,0,SCORED,1,alias-certified,0
1,public-004,-0.9128709291752769,0,entity_degree,0.8333333333333334,0,SCORED,1,alias-certified,0
0,public-004,,1,rivet,,0,PARTIAL_ALIAS_ABSTENTION,,alias-ambiguous,0
0,public-004,-0.9128709291752769,1,commit_count,0.875,0,SCORED,1,alias-ambiguous,0
0,public-004,-0.9128709291752769,1,line_count,0.9382716049382716,0,SCORED,1,alias-ambiguous,0
0,public-004,-0.9128709291752769,1,token_count,0.9165247018739353,0,SCORED,1,alias-ambiguous,0
0,public-004,-0.9128709291752769,1,structural_no_origin,0.992513251491461,0,SCORED,1,alias-ambiguous,0
0,public-004,-0.9128709291752769,0,entity_degree,0.8333333333333334,0,SCORED,1,alias-ambiguous,0
0,public-004,,0,rivet,,0,ABSTAIN_ORIGIN,,squash-without-origin,3
0,public-004,0.3333333333333333,0,commit_count,0.14285714285714285,0,SCORED,0,squash-without-origin,3
0,public-004,0.3333333333333333,1,line_count,0.2222222222222222,0,SCORED,0,squash-without-origin,3
0,public-004,0.3333333333333333,1,token_count,0.17120954003407154,0,SCORED,0,squash-without-origin,3
0,public-004,0.3333333333333333,1,structural_no_origin,0.07719373801720071,0,SCORED,0,squash-without-origin,3
0,public-004,0.3333333333333333,1,entity_degree,0.2857142857142857,0,SCORED,0,squash-without-origin,3
1,public-005,1.0,1,rivet,0.0,1,CERTIFIED,0,split,0
1,public-005,1.0,0,commit_count,0.027777777777777776,0,SCORED,0,split,0
1,public-005,1.0,1,line_count,0.0,1,SCORED,0,split,0
1,public-005,1.0,1,token_count,0.0,1,SCORED,0,split,0
1,public-005,1.0,1,structural_no_origin,0.0,1,SCORED,0,split,0
1,public-005,1.0,1,entity_degree,0.0,1,SCORED,0,split,0
1,public-005,1.0,1,rivet,0.0,1,CERTIFIED,0,squash-certified,0
1,public-005,0.0,0,commit_count,0.5,0,SCORED,0,squash-certified,0
1,public-005,0.3333333333333333,1,line_count,0.07679180887372014,0,SCORED,0,squash-certified,0
1,public-005,0.3333333333333333,1,token_count,0.07637812707549259,0,SCORED,0,squash-certified,0
1,public-005,0.3333333333333333,1,structural_no_origin,0.168109653973965,0,SCORED,0,squash-certified,0
1,public-005,0.3333333333333333,1,entity_degree,0.19444444444444445,0,SCORED,0,squash-certified,0
1,public-005,1.0,1,rivet,0.0,1,CERTIFIED,0,reorder-independent,0
1,public-005,1.0,1,commit_count,0.0,1,SCORED,0,reorder-independent,0
1,public-005,1.0,1,line_count,0.0,1,SCORED,0,reorder-independent,0
1,public-005,1.0,1,token_count,0.0,1,SCORED,0,reorder-independent,0
1,public-005,1.0,1,structural_no_origin,0.0,1,SCORED,0,reorder-independent,0
1,public-005,1.0,1,entity_degree,0.0,1,SCORED,0,reorder-independent,0
1,public-005,1.0,1,rivet,0.0,1,CERTIFIED,0,formatting,0
1,public-005,1.0,1,commit_count,0.0,1,SCORED,0,formatting,0
1,public-005,1.0,0,line_count,0.03446998889033459,0,SCORED,0,formatting,0
1,public-005,1.0,1,token_count,0.0,1,SCORED,0,formatting,0
1,public-005,1.0,1,structural_no_origin,0.0,1,SCORED,0,formatting,0
1,public-005,1.0,1,entity_degree,0.0,1,SCORED,0,formatting,0
1,public-005,1.0,1,rivet,0.0,1,CERTIFIED,0,empty-commit-padding,0
1,public-005,1.0,0,commit_count,0.0,0,SCORED,0,empty-commit-padding,0
1,public-005,1.0,1,line_count,0.0,1,SCORED,0,empty-commit-padding,0
1,public-005,1.0,1,token_count,0.0,1,SCORED,0,empty-commit-padding,0
1,public-005,1.0,1,structural_no_origin,0.0,1,SCORED,0,empty-commit-padding,0
1,public-005,1.0,1,entity_degree,0.0,1,SCORED,0,empty-commit-padding,0
1,public-005,1.0,1,rivet,0.0,1,CERTIFIED,0,file-move,0
1,public-005,1.0,1,commit_count,0.0,1,SCORED,0,file-move,0
1,public-005,1.0,1,line_count,0.0,1,SCORED,0,file-move,0
1,public-005,1.0,1,token_count,0.0,1,SCORED,0,file-move,0
1,public-005,1.0,1,structural_no_origin,0.0,1,SCORED,0,file-move,0
1,public-005,1.0,1,entity_degree,0.0,1,SCORED,0,file-move,0
1,public-005,1.0,1,rivet,0.0,1,CERTIFIED,0,event-map,0
1,public-005,1.0,1,commit_count,0.0,1,SCORED,0,event-map,0
1,public-005,1.0,1,line_count,0.0,1,SCORED,0,event-map,0
1,public-005,1.0,1,token_count,0.0,1,SCORED,0,event-map,0
1,public-005,1.0,1,structural_no_origin,0.0,1,SCORED,0,event-map,0
1,public-005,1.0,1,entity_degree,0.0,1,SCORED,0,event-map,0
1,public-005,1.0,1,rivet,0.0,1,CERTIFIED,0,alias-certified,0
1,public-005,-1.0,1,commit_count,0.75,0,SCORED,1,alias-certified,0
1,public-005,-0.9128709291752769,1,line_count,0.9948805460750854,0,SCORED,1,alias-certified,0
1,public-005,-0.9128709291752769,1,token_count,0.9911445649767545,0,SCORED,1,alias-certified,0
1,public-005,-0.9128709291752769,1,structural_no_origin,0.9853046131880722,0,SCORED,1,alias-certified,0
1,public-005,-0.9128709291752769,0,entity_degree,0.875,0,SCORED,1,alias-certified,0
0,public-005,,1,rivet,,0,PARTIAL_ALIAS_ABSTENTION,,alias-ambiguous,0
0,public-005,-1.0,1,commit_count,0.75,0,SCORED,1,alias-ambiguous,0
0,public-005,-0.9128709291752769,1,line_count,0.9948805460750854,0,SCORED,1,alias-ambiguous,0
0,public-005,-0.9128709291752769,1,token_count,0.9911445649767545,0,SCORED,1,alias-ambiguous,0
0,public-005,-0.9128709291752769,1,structural_no_origin,0.9853046131880722,0,SCORED,1,alias-ambiguous,0
0,public-005,-0.9128709291752769,0,entity_degree,0.875,0,SCORED,1,alias-ambiguous,0
0,public-005,,0,rivet,,0,ABSTAIN_ORIGIN,,squash-without-origin,2
0,public-005,0.8164965809277261,0,commit_count,0.14285714285714285,0,SCORED,0,squash-without-origin,2
0,public-005,0.3333333333333333,1,line_count,0.052901023890784986,0,SCORED,0,squash-without-origin,2
0,public-005,0.3333333333333333,1,token_count,0.05202568076156741,0,SCORED,0,squash-without-origin,2
0,public-005,0.3333333333333333,1,structural_no_origin,0.07567834443366535,0,SCORED,0,squash-without-origin,2
0,public-005,0.3333333333333333,0,entity_degree,0.125,0,SCORED,0,squash-without-origin,2
1,public-006,1.0,1,rivet,0.0,1,CERTIFIED,0,split,0
1,public-006,1.0,0,commit_count,0.025,0,SCORED,0,split,0
1,public-006,1.0,1,line_count,0.0,1,SCORED,0,split,0
1,public-006,1.0,1,token_count,0.0,1,SCORED,0,split,0
1,public-006,1.0,1,structural_no_origin,0.0,1,SCORED,0,split,0
1,public-006,1.0,1,entity_degree,0.0,1,SCORED,0,split,0
1,public-006,1.0,1,rivet,0.0,1,CERTIFIED,0,squash-certified,0
1,public-006,0.3333333333333333,0,commit_count,0.25,0,SCORED,0,squash-certified,0
1,public-006,0.3333333333333333,1,line_count,0.004273504273504274,0,SCORED,0,squash-certified,0
1,public-006,0.3333333333333333,1,token_count,0.004117067931620872,0,SCORED,0,squash-certified,0
1,public-006,0.3333333333333333,1,structural_no_origin,0.008243083611006896,0,SCORED,0,squash-certified,0
1,public-006,0.3333333333333333,0,entity_degree,0.19230769230769232,0,SCORED,0,squash-certified,0
1,public-006,1.0,1,rivet,0.0,1,CERTIFIED,0,reorder-independent,0
1,public-006,1.0,1,commit_count,0.0,1,SCORED,0,reorder-independent,0
1,public-006,1.0,1,line_count,0.0,1,SCORED,0,reorder-independent,0
1,public-006,1.0,1,token_count,0.0,1,SCORED,0,reorder-independent,0
1,public-006,1.0,1,structural_no_origin,0.0,1,SCORED,0,reorder-independent,0
1,public-006,1.0,1,entity_degree,0.0,1,SCORED,0,reorder-independent,0
1,public-006,1.0,1,rivet,0.0,1,CERTIFIED,0,formatting,0
1,public-006,1.0,1,commit_count,0.0,1,SCORED,0,formatting,0
1,public-006,1.0,0,line_count,0.007908831908831909,0,SCORED,0,formatting,0
1,public-006,1.0,1,token_count,0.0,1,SCORED,0,formatting,0
1,public-006,1.0,1,structural_no_origin,0.0,1,SCORED,0,formatting,0
1,public-006,1.0,1,entity_degree,0.0,1,SCORED,0,formatting,0
1,public-006,1.0,1,rivet,0.0,1,CERTIFIED,0,empty-commit-padding,0
1,public-006,1.0,0,commit_count,0.0,0,SCORED,0,empty-commit-padding,0
1,public-006,1.0,1,line_count,0.0,1,SCORED,0,empty-commit-padding,0
1,public-006,1.0,1,token_count,0.0,1,SCORED,0,empty-commit-padding,0
1,public-006,1.0,1,structural_no_origin,0.0,1,SCORED,0,empty-commit-padding,0
1,public-006,1.0,1,entity_degree,0.0,1,SCORED,0,empty-commit-padding,0
1,public-006,1.0,1,rivet,0.0,1,CERTIFIED,0,file-move,0
1,public-006,1.0,1,commit_count,0.0,1,SCORED,0,file-move,0
1,public-006,1.0,1,line_count,0.0,1,SCORED,0,file-move,0
1,public-006,1.0,1,token_count,0.0,1,SCORED,0,file-move,0
1,public-006,1.0,1,structural_no_origin,0.0,1,SCORED,0,file-move,0
1,public-006,1.0,1,entity_degree,0.0,1,SCORED,0,file-move,0
1,public-006,1.0,1,rivet,0.0,1,CERTIFIED,0,event-map,0
1,public-006,1.0,1,commit_count,0.0,1,SCORED,0,event-map,0
1,public-006,1.0,1,line_count,0.0,1,SCORED,0,event-map,0
1,public-006,1.0,1,token_count,0.0,1,SCORED,0,event-map,0
1,public-006,1.0,1,structural_no_origin,0.0,1,SCORED,0,event-map,0
1,public-006,1.0,1,entity_degree,0.0,1,SCORED,0,event-map,0
1,public-006,1.0,1,rivet,0.0,1,CERTIFIED,0,alias-certified,0
1,public-006,-0.9128709291752769,1,commit_count,0.875,0,SCORED,1,alias-certified,0
1,public-006,-0.9128709291752769,1,line_count,0.9985754985754985,0,SCORED,1,alias-certified,0
1,public-006,-0.9128709291752769,1,token_count,0.9981204689877383,0,SCORED,1,alias-certified,0
1,public-006,-0.9128709291752769,1,structural_no_origin,0.9997525493553091,0,SCORED,1,alias-certified,0
1,public-006,-0.9128709291752769,0,entity_degree,0.9565217391304348,0,SCORED,1,alias-certified,0
0,public-006,,1,rivet,,0,PARTIAL_ALIAS_ABSTENTION,,alias-ambiguous,0
0,public-006,-0.9128709291752769,1,commit_count,0.875,0,SCORED,1,alias-ambiguous,0
0,public-006,-0.9128709291752769,1,line_count,0.9985754985754985,0,SCORED,1,alias-ambiguous,0
0,public-006,-0.9128709291752769,1,token_count,0.9981204689877383,0,SCORED,1,alias-ambiguous,0
0,public-006,-0.9128709291752769,1,structural_no_origin,0.9997525493553091,0,SCORED,1,alias-ambiguous,0
0,public-006,-0.9128709291752769,0,entity_degree,0.9565217391304348,0,SCORED,1,alias-ambiguous,0
0,public-006,,0,rivet,,0,ABSTAIN_ORIGIN,,squash-without-origin,2
0,public-006,0.3333333333333333,0,commit_count,0.14285714285714285,0,SCORED,0,squash-without-origin,2
0,public-006,0.3333333333333333,1,line_count,0.004273504273504274,0,SCORED,0,squash-without-origin,2
0,public-006,0.3333333333333333,1,token_count,0.004117067931620872,0,SCORED,0,squash-without-origin,2
0,public-006,0.3333333333333333,1,structural_no_origin,0.008243083611006896,0,SCORED,0,squash-without-origin,2
0,public-006,0.3333333333333333,0,entity_degree,0.19230769230769232,0,SCORED,0,squash-without-origin,2
1,public-007,1.0,1,rivet,0.0,1,CERTIFIED,0,split,0
1,public-007,1.0,0,commit_count,0.125,0,SCORED,0,split,0
1,public-007,1.0,1,line_count,0.0,1,SCORED,0,split,0
1,public-007,1.0,1,token_count,0.0,1,SCORED,0,split,0
1,public-007,1.0,1,structural_no_origin,8.137585191004336e-19,1,SCORED,0,split,0
1,public-007,1.0,1,entity_degree,0.0,1,SCORED,0,split,0
1,public-007,1.0,1,rivet,0.0,1,CERTIFIED,0,squash-certified,0
1,public-007,0.8164965809277261,0,commit_count,0.25,0,SCORED,0,squash-certified,0
1,public-007,0.3333333333333333,1,line_count,0.049281314168377825,0,SCORED,0,squash-certified,0
1,public-007,0.3333333333333333,1,token_count,0.05155917788802268,0,SCORED,0,squash-certified,0
1,public-007,0.3333333333333333,1,structural_no_origin,0.0724111966755035,0,SCORED,0,squash-certified,0
1,public-007,0.0,0,entity_degree,0.45454545454545453,0,SCORED,0,squash-certified,0
1,public-007,1.0,1,rivet,0.0,1,CERTIFIED,0,reorder-independent,0
1,public-007,1.0,1,commit_count,0.0,1,SCORED,0,reorder-independent,0
1,public-007,1.0,1,line_count,0.0,1,SCORED,0,reorder-independent,0
1,public-007,1.0,1,token_count,0.0,1,SCORED,0,reorder-independent,0
1,public-007,1.0,1,structural_no_origin,0.0,1,SCORED,0,reorder-independent,0
1,public-007,1.0,1,entity_degree,0.0,1,SCORED,0,reorder-independent,0
1,public-007,1.0,1,rivet,0.0,1,CERTIFIED,0,formatting,0
1,public-007,1.0,1,commit_count,0.0,1,SCORED,0,formatting,0
1,public-007,1.0,0,line_count,0.032631599147939894,0,SCORED,0,formatting,0
1,public-007,1.0,1,token_count,0.0,1,SCORED,0,formatting,0
1,public-007,1.0,1,structural_no_origin,0.0,1,SCORED,0,formatting,0
1,public-007,1.0,1,entity_degree,0.0,1,SCORED,0,formatting,0
1,public-007,1.0,1,rivet,0.0,1,CERTIFIED,0,empty-commit-padding,0
1,public-007,1.0,0,commit_count,0.0,0,SCORED,0,empty-commit-padding,0
1,public-007,1.0,1,line_count,0.0,1,SCORED,0,empty-commit-padding,0
1,public-007,1.0,1,token_count,0.0,1,SCORED,0,empty-commit-padding,0
1,public-007,1.0,1,structural_no_origin,0.0,1,SCORED,0,empty-commit-padding,0
1,public-007,1.0,1,entity_degree,0.0,1,SCORED,0,empty-commit-padding,0
1,public-007,1.0,1,rivet,0.0,1,CERTIFIED,0,file-move,0
1,public-007,1.0,1,commit_count,0.0,1,SCORED,0,file-move,0
1,public-007,1.0,1,line_count,0.0,1,SCORED,0,file-move,0
1,public-007,1.0,1,token_count,0.0,1,SCORED,0,file-move,0
1,public-007,1.0,1,structural_no_origin,0.0,1,SCORED,0,file-move,0
1,public-007,1.0,1,entity_degree,0.0,1,SCORED,0,file-move,0
1,public-007,1.0,1,rivet,0.0,1,CERTIFIED,0,event-map,0
1,public-007,1.0,1,commit_count,0.0,1,SCORED,0,event-map,0
1,public-007,1.0,1,line_count,0.0,1,SCORED,0,event-map,0
1,public-007,1.0,1,token_count,0.0,1,SCORED,0,event-map,0
1,public-007,1.0,1,structural_no_origin,0.0,1,SCORED,0,event-map,0
1,public-007,1.0,1,entity_degree,0.0,1,SCORED,0,event-map,0
1,public-007,1.0,1,rivet,0.0,1,CERTIFIED,0,alias-certified,0
1,public-007,-0.4,1,commit_count,0.625,0,SCORED,1,alias-certified,0
1,public-007,-0.9128709291752769,1,line_count,0.9887063655030801,0,SCORED,1,alias-certified,0
1,public-007,-0.9128709291752769,1,token_count,0.9861800141743444,0,SCORED,1,alias-certified,0
1,public-007,-0.9128709291752769,1,structural_no_origin,0.9958977710873068,0,SCORED,1,alias-certified,0
1,public-007,-1.0,0,entity_degree,0.8461538461538461,0,SCORED,1,alias-certified,0
0,public-007,,1,rivet,,0,PARTIAL_ALIAS_ABSTENTION,,alias-ambiguous,0
0,public-007,-0.4,1,commit_count,0.625,0,SCORED,1,alias-ambiguous,0
0,public-007,-0.9128709291752769,1,line_count,0.9887063655030801,0,SCORED,1,alias-ambiguous,0
0,public-007,-0.9128709291752769,1,token_count,0.9861800141743444,0,SCORED,1,alias-ambiguous,0
0,public-007,-0.9128709291752769,1,structural_no_origin,0.9958977710873068,0,SCORED,1,alias-ambiguous,0
0,public-007,-1.0,0,entity_degree,0.8461538461538461,0,SCORED,1,alias-ambiguous,0
0,public-007,,0,rivet,,0,ABSTAIN_ORIGIN,,squash-without-origin,4
0,public-007,1.0,0,commit_count,0.14285714285714285,0,SCORED,0,squash-without-origin,4
0,public-007,0.3333333333333333,1,line_count,0.049281314168377825,0,SCORED,0,squash-without-origin,4
0,public-007,0.3333333333333333,1,token_count,0.05155917788802268,0,SCORED,0,squash-without-origin,4
0,public-007,0.3333333333333333,1,structural_no_origin,0.0724111966755035,0,SCORED,0,squash-without-origin,4
0,public-007,0.0,0,entity_degree,0.45454545454545453,0,SCORED,0,squash-without-origin,4
1,public-008,1.0,1,rivet,0.0,1,CERTIFIED,0,split,0
1,public-008,1.0,0,commit_count,0.041666666666666664,0,SCORED,0,split,0
1,public-008,1.0,1,line_count,0.0,1,SCORED,0,split,0
1,public-008,1.0,1,token_count,0.0,1,SCORED,0,split,0
1,public-008,1.0,1,structural_no_origin,0.0,1,SCORED,0,split,0
1,public-008,1.0,1,entity_degree,0.0,1,SCORED,0,split,0
1,public-008,1.0,1,rivet,0.0,1,CERTIFIED,0,squash-certified,0
1,public-008,0.3333333333333333,0,commit_count,0.25,0,SCORED,0,squash-certified,0
1,public-008,-0.3333333333333333,1,line_count,0.5987012987012987,0,SCORED,1,squash-certified,0
1,public-008,-0.3333333333333333,1,token_count,0.636986301369863,0,SCORED,1,squash-certified,0
1,public-008,-1.0,1,structural_no_origin,0.746549001489703,0,SCORED,1,squash-certified,0
1,public-008,0.0,0,entity_degree,0.5,0,SCORED,0,squash-certified,0
1,public-008,1.0,1,rivet,0.0,1,CERTIFIED,0,reorder-independent,0
1,public-008,1.0,1,commit_count,0.0,1,SCORED,0,reorder-independent,0
1,public-008,1.0,1,line_count,0.0,1,SCORED,0,reorder-independent,0
1,public-008,1.0,1,token_count,0.0,1,SCORED,0,reorder-independent,0
1,public-008,1.0,1,structural_no_origin,0.0,1,SCORED,0,reorder-independent,0
1,public-008,1.0,1,entity_degree,0.0,1,SCORED,0,reorder-independent,0
1,public-008,1.0,1,rivet,0.0,1,CERTIFIED,0,formatting,0
1,public-008,1.0,1,commit_count,0.0,1,SCORED,0,formatting,0
1,public-008,1.0,0,line_count,0.016088299691071055,0,SCORED,0,formatting,0
1,public-008,1.0,1,token_count,0.0,1,SCORED,0,formatting,0
1,public-008,1.0,1,structural_no_origin,0.0,1,SCORED,0,formatting,0
1,public-008,1.0,1,entity_degree,0.0,1,SCORED,0,formatting,0
1,public-008,1.0,1,rivet,0.0,1,CERTIFIED,0,empty-commit-padding,0
1,public-008,1.0,0,commit_count,0.0,0,SCORED,0,empty-commit-padding,0
1,public-008,1.0,1,line_count,0.0,1,SCORED,0,empty-commit-padding,0
1,public-008,1.0,1,token_count,0.0,1,SCORED,0,empty-commit-padding,0
1,public-008,1.0,1,structural_no_origin,0.0,1,SCORED,0,empty-commit-padding,0
1,public-008,1.0,1,entity_degree,0.0,1,SCORED,0,empty-commit-padding,0
1,public-008,1.0,1,rivet,0.0,1,CERTIFIED,0,file-move,0
1,public-008,1.0,1,commit_count,0.0,1,SCORED,0,file-move,0
1,public-008,1.0,1,line_count,0.0,1,SCORED,0,file-move,0
1,public-008,1.0,1,token_count,0.0,1,SCORED,0,file-move,0
1,public-008,1.0,1,structural_no_origin,0.0,1,SCORED,0,file-move,0
1,public-008,1.0,1,entity_degree,0.0,1,SCORED,0,file-move,0
1,public-008,1.0,1,rivet,0.0,1,CERTIFIED,0,event-map,0
1,public-008,1.0,1,commit_count,0.0,1,SCORED,0,event-map,0
1,public-008,1.0,1,line_count,0.0,1,SCORED,0,event-map,0
1,public-008,1.0,1,token_count,0.0,1,SCORED,0,event-map,0
1,public-008,1.0,1,structural_no_origin,0.0,1,SCORED,0,event-map,0
1,public-008,1.0,1,entity_degree,0.0,1,SCORED,0,event-map,0
1,public-008,1.0,1,rivet,0.0,1,CERTIFIED,0,alias-certified,0
1,public-008,-0.9128709291752769,1,commit_count,0.875,0,SCORED,1,alias-certified,0
1,public-008,-0.9128709291752769,1,line_count,0.7298701298701299,0,SCORED,1,alias-certified,0
1,public-008,-0.5477225575051661,1,token_count,0.7151055164753795,0,SCORED,1,alias-certified,0
1,public-008,0.18257418583505536,1,structural_no_origin,0.29306988944879475,0,SCORED,0,alias-certified,0
1,public-008,-0.18257418583505536,0,entity_degree,0.59375,0,SCORED,1,alias-certified,0
0,public-008,,1,rivet,,0,PARTIAL_ALIAS_ABSTENTION,,alias-ambiguous,0
0,public-008,-0.9128709291752769,1,commit_count,0.875,0,SCORED,1,alias-ambiguous,0
0,public-008,-0.9128709291752769,1,line_count,0.7298701298701299,0,SCORED,1,alias-ambiguous,0
0,public-008,-0.5477225575051661,1,token_count,0.7151055164753795,0,SCORED,1,alias-ambiguous,0
0,public-008,0.18257418583505536,1,structural_no_origin,0.29306988944879475,0,SCORED,0,alias-ambiguous,0
0,public-008,-0.18257418583505536,0,entity_degree,0.59375,0,SCORED,1,alias-ambiguous,0
0,public-008,,0,rivet,,0,ABSTAIN_ORIGIN,,squash-without-origin,6
0,public-008,0.3333333333333333,0,commit_count,0.14285714285714285,0,SCORED,0,squash-without-origin,6
0,public-008,-0.3333333333333333,1,line_count,0.5987012987012987,0,SCORED,1,squash-without-origin,6
0,public-008,-0.3333333333333333,1,token_count,0.636986301369863,0,SCORED,1,squash-without-origin,6
0,public-008,-1.0,1,structural_no_origin,0.746549001489703,0,SCORED,1,squash-without-origin,6
0,public-008,0.0,0,entity_degree,0.5,0,SCORED,0,squash-without-origin,6
1,public-009,1.0,1,rivet,0.0,1,CERTIFIED,0,split,0
1,public-009,1.0,0,commit_count,0.03409090909090909,0,SCORED,0,split,0
1,public-009,1.0,1,line_count,0.0,1,SCORED,0,split,0
1,public-009,1.0,1,token_count,0.0,1,SCORED,0,split,0
1,public-009,1.0,1,structural_no_origin,0.0,1,SCORED,0,split,0
1,public-009,1.0,1,entity_degree,0.0,1,SCORED,0,split,0
1,public-009,1.0,1,rivet,0.0,1,CERTIFIED,0,squash-certified,0
1,public-009,0.3333333333333333,0,commit_count,0.25,0,SCORED,0,squash-certified,0
1,public-009,0.3333333333333333,1,line_count,0.08461538461538462,0,SCORED,0,squash-certified,0
1,public-009,0.3333333333333333,1,token_count,0.08044901777362021,0,SCORED,0,squash-certified,0
1,public-009,0.3333333333333333,1,structural_no_origin,0.13523289079997136,0,SCORED,0,squash-certified,0
1,public-009,0.3333333333333333,0,entity_degree,0.25,0,SCORED,0,squash-certified,0
1,public-009,1.0,1,rivet,0.0,1,CERTIFIED,0,reorder-independent,0
1,public-009,1.0,1,commit_count,0.0,1,SCORED,0,reorder-independent,0
1,public-009,1.0,1,line_count,0.0,1,SCORED,0,reorder-independent,0
1,public-009,1.0,1,token_count,0.0,1,SCORED,0,reorder-independent,0
1,public-009,1.0,1,structural_no_origin,0.0,1,SCORED,0,reorder-independent,0
1,public-009,1.0,1,entity_degree,0.0,1,SCORED,0,reorder-independent,0
1,public-009,1.0,1,rivet,0.0,1,CERTIFIED,0,formatting,0
1,public-009,1.0,1,commit_count,0.0,1,SCORED,0,formatting,0
1,public-009,1.0,0,line_count,0.04656228727025187,0,SCORED,0,formatting,0
1,public-009,1.0,1,token_count,0.0,1,SCORED,0,formatting,0
1,public-009,1.0,1,structural_no_origin,0.0,1,SCORED,0,formatting,0
1,public-009,1.0,1,entity_degree,0.0,1,SCORED,0,formatting,0
1,public-009,1.0,1,rivet,0.0,1,CERTIFIED,0,empty-commit-padding,0
1,public-009,1.0,0,commit_count,0.0,0,SCORED,0,empty-commit-padding,0
1,public-009,1.0,1,line_count,0.0,1,SCORED,0,empty-commit-padding,0
1,public-009,1.0,1,token_count,0.0,1,SCORED,0,empty-commit-padding,0
1,public-009,1.0,1,structural_no_origin,0.0,1,SCORED,0,empty-commit-padding,0
1,public-009,1.0,1,entity_degree,0.0,1,SCORED,0,empty-commit-padding,0
1,public-009,1.0,1,rivet,0.0,1,CERTIFIED,0,file-move,0
1,public-009,1.0,1,commit_count,0.0,1,SCORED,0,file-move,0
1,public-009,1.0,1,line_count,0.0,1,SCORED,0,file-move,0
1,public-009,1.0,1,token_count,0.0,1,SCORED,0,file-move,0
1,public-009,1.0,1,structural_no_origin,0.0,1,SCORED,0,file-move,0
1,public-009,1.0,1,entity_degree,0.0,1,SCORED,0,file-move,0
1,public-009,1.0,1,rivet,0.0,1,CERTIFIED,0,event-map,0
1,public-009,1.0,1,commit_count,0.0,1,SCORED,0,event-map,0
1,public-009,1.0,1,line_count,0.0,1,SCORED,0,event-map,0
1,public-009,1.0,1,token_count,0.0,1,SCORED,0,event-map,0
1,public-009,1.0,1,structural_no_origin,0.0,1,SCORED,0,event-map,0
1,public-009,1.0,1,entity_degree,0.0,1,SCORED,0,event-map,0
1,public-009,1.0,1,rivet,0.0,1,CERTIFIED,0,alias-certified,0
1,public-009,-0.9128709291752769,1,commit_count,0.875,0,SCORED,1,alias-certified,0
1,public-009,-0.9128709291752769,1,line_count,0.9846153846153847,0,SCORED,1,alias-certified,0
1,public-009,-0.9128709291752769,1,token_count,0.9738072965388214,0,SCORED,1,alias-certified,0
1,public-009,-0.9128709291752769,1,structural_no_origin,0.987120677066669,0,SCORED,1,alias-certified,0
1,public-009,-0.9128709291752769,0,entity_degree,0.8928571428571429,0,SCORED,1,alias-certified,0
0,public-009,,1,rivet,,0,PARTIAL_ALIAS_ABSTENTION,,alias-ambiguous,0
0,public-009,-0.9128709291752769,1,commit_count,0.875,0,SCORED,1,alias-ambiguous,0
0,public-009,-0.9128709291752769,1,line_count,0.9846153846153847,0,SCORED,1,alias-ambiguous,0
0,public-009,-0.9128709291752769,1,token_count,0.9738072965388214,0,SCORED,1,alias-ambiguous,0
0,public-009,-0.9128709291752769,1,structural_no_origin,0.987120677066669,0,SCORED,1,alias-ambiguous,0
0,public-009,-0.9128709291752769,0,entity_degree,0.8928571428571429,0,SCORED,1,alias-ambiguous,0
0,public-009,,0,rivet,,0,ABSTAIN_ORIGIN,,squash-without-origin,2
0,public-009,0.3333333333333333,0,commit_count,0.14285714285714285,0,SCORED,0,squash-without-origin,2
0,public-009,0.3333333333333333,1,line_count,0.08461538461538462,0,SCORED,0,squash-without-origin,2
0,public-009,0.3333333333333333,1,token_count,0.08044901777362021,0,SCORED,0,squash-without-origin,2
0,public-009,0.3333333333333333,1,structural_no_origin,0.13523289079997136,0,SCORED,0,squash-without-origin,2
0,public-009,0.3333333333333333,0,entity_degree,0.25,0,SCORED,0,squash-without-origin,2
1,public-010,1.0,1,rivet,0.0,1,CERTIFIED,0,split,0
1,public-010,1.0,0,commit_count,0.013888888888888888,0,SCORED,0,split,0
1,public-010,1.0,1,line_count,0.0,1,SCORED,0,split,0
1,public-010,1.0,1,token_count,0.0,1,SCORED,0,split,0
1,public-010,1.0,1,structural_no_origin,0.0,1,SCORED,0,split,0
1,public-010,1.0,1,entity_degree,0.0,1,SCORED,0,split,0
1,public-010,1.0,1,rivet,0.0,1,CERTIFIED,0,squash-certified,0
1,public-010,0.3333333333333333,0,commit_count,0.25,0,SCORED,0,squash-certified,0
1,public-010,0.3333333333333333,1,line_count,0.10059171597633136,0,SCORED,0,squash-certified,0
1,public-010,0.3333333333333333,1,token_count,0.09300476947535771,0,SCORED,0,squash-certified,0
1,public-010,0.3333333333333333,1,structural_no_origin,0.1018038486866895,0,SCORED,0,squash-certified,0
1,public-010,0.0,0,entity_degree,0.5,0,SCORED,0,squash-certified,0
1,public-010,1.0,1,rivet,0.0,1,CERTIFIED,0,reorder-independent,0
1,public-010,1.0,1,commit_count,0.0,1,SCORED,0,reorder-independent,0
1,public-010,1.0,1,line_count,0.0,1,SCORED,0,reorder-independent,0
1,public-010,1.0,1,token_count,0.0,1,SCORED,0,reorder-independent,0
1,public-010,1.0,1,structural_no_origin,0.0,1,SCORED,0,reorder-independent,0
1,public-010,1.0,1,entity_degree,0.0,1,SCORED,0,reorder-independent,0
1,public-010,1.0,1,rivet,0.0,1,CERTIFIED,0,formatting,0
1,public-010,1.0,1,commit_count,0.0,1,SCORED,0,formatting,0
1,public-010,1.0,0,line_count,0.04099586915261806,0,SCORED,0,formatting,0
1,public-010,1.0,1,token_count,0.0,1,SCORED,0,formatting,0
1,public-010,1.0,1,structural_no_origin,0.0,1,SCORED,0,formatting,0
1,public-010,1.0,1,entity_degree,0.0,1,SCORED,0,formatting,0
1,public-010,1.0,1,rivet,0.0,1,CERTIFIED,0,empty-commit-padding,0
1,public-010,1.0,0,commit_count,0.0,0,SCORED,0,empty-commit-padding,0
1,public-010,1.0,1,line_count,0.0,1,SCORED,0,empty-commit-padding,0
1,public-010,1.0,1,token_count,0.0,1,SCORED,0,empty-commit-padding,0
1,public-010,1.0,1,structural_no_origin,0.0,1,SCORED,0,empty-commit-padding,0
1,public-010,1.0,1,entity_degree,0.0,1,SCORED,0,empty-commit-padding,0
1,public-010,1.0,1,rivet,0.0,1,CERTIFIED,0,file-move,0
1,public-010,1.0,1,commit_count,0.0,1,SCORED,0,file-move,0
1,public-010,1.0,1,line_count,0.0,1,SCORED,0,file-move,0
1,public-010,1.0,1,token_count,0.0,1,SCORED,0,file-move,0
1,public-010,1.0,1,structural_no_origin,0.0,1,SCORED,0,file-move,0
1,public-010,1.0,1,entity_degree,0.0,1,SCORED,0,file-move,0
1,public-010,1.0,1,rivet,0.0,1,CERTIFIED,0,event-map,0
1,public-010,1.0,1,commit_count,0.0,1,SCORED,0,event-map,0
1,public-010,1.0,1,line_count,0.0,1,SCORED,0,event-map,0
1,public-010,1.0,1,token_count,0.0,1,SCORED,0,event-map,0
1,public-010,1.0,1,structural_no_origin,0.0,1,SCORED,0,event-map,0
1,public-010,1.0,1,entity_degree,0.0,1,SCORED,0,event-map,0
1,public-010,1.0,1,rivet,0.0,1,CERTIFIED,0,alias-certified,0
1,public-010,-0.9128709291752769,1,commit_count,0.875,0,SCORED,1,alias-certified,0
1,public-010,-0.9128709291752769,1,line_count,0.9881656804733728,0,SCORED,1,alias-certified,0
1,public-010,-0.9128709291752769,1,token_count,0.9864864864864865,0,SCORED,1,alias-certified,0
1,public-010,-0.9128709291752769,1,structural_no_origin,0.9991712170603497,0,SCORED,1,alias-certified,0
1,public-010,-0.9128709291752769,0,entity_degree,0.8,0,SCORED,1,alias-certified,0
0,public-010,,1,rivet,,0,PARTIAL_ALIAS_ABSTENTION,,alias-ambiguous,0
0,public-010,-0.9128709291752769,1,commit_count,0.875,0,SCORED,1,alias-ambiguous,0
0,public-010,-0.9128709291752769,1,line_count,0.9881656804733728,0,SCORED,1,alias-ambiguous,0
0,public-010,-0.9128709291752769,1,token_count,0.9864864864864865,0,SCORED,1,alias-ambiguous,0
0,public-010,-0.9128709291752769,1,structural_no_origin,0.9991712170603497,0,SCORED,1,alias-ambiguous,0
0,public-010,-0.9128709291752769,0,entity_degree,0.8,0,SCORED,1,alias-ambiguous,0
0,public-010,,0,rivet,,0,ABSTAIN_ORIGIN,,squash-without-origin,2
0,public-010,0.3333333333333333,0,commit_count,0.14285714285714285,0,SCORED,0,squash-without-origin,2
0,public-010,0.3333333333333333,1,line_count,0.10059171597633136,0,SCORED,0,squash-without-origin,2
0,public-010,0.3333333333333333,1,token_count,0.09300476947535771,0,SCORED,0,squash-without-origin,2
0,public-010,0.3333333333333333,1,structural_no_origin,0.1018038486866895,0,SCORED,0,squash-without-origin,2
0,public-010,0.0,0,entity_degree,0.5,0,SCORED,0,squash-without-origin,2
1,public-011,1.0,1,rivet,0.0,1,CERTIFIED,0,split,0
1,public-011,1.0,0,commit_count,0.09722222222222222,0,SCORED,0,split,0
1,public-011,1.0,1,line_count,0.0,1,SCORED,0,split,0
1,public-011,1.0,1,token_count,0.0,1,SCORED,0,split,0
1,public-011,1.0,1,structural_no_origin,0.0,1,SCORED,0,split,0
1,public-011,1.0,1,entity_degree,0.0,1,SCORED,0,split,0
1,public-011,1.0,1,rivet,0.0,1,CERTIFIED,0,squash-certified,0
1,public-011,0.3333333333333333,0,commit_count,0.25,0,SCORED,0,squash-certified,0
1,public-011,0.3333333333333333,1,line_count,0.08923076923076922,0,SCORED,0,squash-certified,0
1,public-011,0.3333333333333333,1,token_count,0.07613344739093242,0,SCORED,0,squash-certified,0
1,public-011,0.3333333333333333,1,structural_no_origin,0.13402997723446686,0,SCORED,0,squash-certified,0
1,public-011,-0.8164965809277261,1,entity_degree,0.625,0,SCORED,1,squash-certified,0
1,public-011,1.0,1,rivet,0.0,1,CERTIFIED,0,reorder-independent,0
1,public-011,1.0,1,commit_count,0.0,1,SCORED,0,reorder-independent,0
1,public-011,1.0,1,line_count,0.0,1,SCORED,0,reorder-independent,0
1,public-011,1.0,1,token_count,0.0,1,SCORED,0,reorder-independent,0
1,public-011,1.0,1,structural_no_origin,0.0,1,SCORED,0,reorder-independent,0
1,public-011,1.0,1,entity_degree,0.0,1,SCORED,0,reorder-independent,0
1,public-011,1.0,1,rivet,0.0,1,CERTIFIED,0,formatting,0
1,public-011,1.0,1,commit_count,0.0,1,SCORED,0,formatting,0
1,public-011,1.0,0,line_count,0.011664534989950667,0,SCORED,0,formatting,0
1,public-011,1.0,1,token_count,0.0,1,SCORED,0,formatting,0
1,public-011,1.0,1,structural_no_origin,0.0,1,SCORED,0,formatting,0
1,public-011,1.0,1,entity_degree,0.0,1,SCORED,0,formatting,0
1,public-011,1.0,1,rivet,0.0,1,CERTIFIED,0,empty-commit-padding,0
1,public-011,1.0,0,commit_count,0.0,0,SCORED,0,empty-commit-padding,0
1,public-011,1.0,1,line_count,0.0,1,SCORED,0,empty-commit-padding,0
1,public-011,1.0,1,token_count,0.0,1,SCORED,0,empty-commit-padding,0
1,public-011,1.0,1,structural_no_origin,0.0,1,SCORED,0,empty-commit-padding,0
1,public-011,1.0,1,entity_degree,0.0,1,SCORED,0,empty-commit-padding,0
1,public-011,1.0,1,rivet,0.0,1,CERTIFIED,0,file-move,0
1,public-011,1.0,1,commit_count,0.0,1,SCORED,0,file-move,0
1,public-011,1.0,1,line_count,0.0,1,SCORED,0,file-move,0
1,public-011,1.0,1,token_count,0.0,1,SCORED,0,file-move,0
1,public-011,1.0,1,structural_no_origin,0.0,1,SCORED,0,file-move,0
1,public-011,1.0,1,entity_degree,0.0,1,SCORED,0,file-move,0
1,public-011,1.0,1,rivet,0.0,1,CERTIFIED,0,event-map,0
1,public-011,1.0,1,commit_count,0.0,1,SCORED,0,event-map,0
1,public-011,1.0,1,line_count,0.0,1,SCORED,0,event-map,0
1,public-011,1.0,1,token_count,0.0,1,SCORED,0,event-map,0
1,public-011,1.0,1,structural_no_origin,0.0,1,SCORED,0,event-map,0
1,public-011,1.0,1,entity_degree,0.0,1,SCORED,0,event-map,0
1,public-011,1.0,1,rivet,0.0,1,CERTIFIED,0,alias-certified,0
1,public-011,-0.9128709291752769,1,commit_count,0.875,0,SCORED,1,alias-certified,0
1,public-011,-0.9128709291752769,1,line_count,0.9261538461538461,0,SCORED,1,alias-certified,0
1,public-011,-0.9128709291752769,1,token_count,0.9401197604790419,0,SCORED,1,alias-certified,0
1,public-011,-0.9128709291752769,1,structural_no_origin,0.8925724296641434,0,SCORED,1,alias-certified,0
1,public-011,0.0,0,entity_degree,0.5909090909090909,0,SCORED,1,alias-certified,0
0,public-011,,1,rivet,,0,PARTIAL_ALIAS_ABSTENTION,,alias-ambiguous,0
0,public-011,-0.9128709291752769,1,commit_count,0.875,0,SCORED,1,alias-ambiguous,0
0,public-011,-0.9128709291752769,1,line_count,0.9261538461538461,0,SCORED,1,alias-ambiguous,0
0,public-011,-0.9128709291752769,1,token_count,0.9401197604790419,0,SCORED,1,alias-ambiguous,0
0,public-011,-0.9128709291752769,1,structural_no_origin,0.8925724296641434,0,SCORED,1,alias-ambiguous,0
0,public-011,0.0,0,entity_degree,0.5909090909090909,0,SCORED,1,alias-ambiguous,0
0,public-011,,0,rivet,,0,ABSTAIN_ORIGIN,,squash-without-origin,4
0,public-011,0.3333333333333333,0,commit_count,0.14285714285714285,0,SCORED,0,squash-without-origin,4
0,public-011,0.3333333333333333,1,line_count,0.08923076923076922,0,SCORED,0,squash-without-origin,4
0,public-011,0.3333333333333333,1,token_count,0.07613344739093242,0,SCORED,0,squash-without-origin,4
0,public-011,0.3333333333333333,1,structural_no_origin,0.13402997723446686,0,SCORED,0,squash-without-origin,4
0,public-011,-0.8164965809277261,1,entity_degree,0.625,0,SCORED,1,squash-without-origin,4
1,public-012,1.0,1,rivet,0.0,1,CERTIFIED,0,split,0
1,public-012,0.8,0,commit_count,0.125,0,SCORED,0,split,0
1,public-012,1.0,1,line_count,0.0,1,SCORED,0,split,0
1,public-012,1.0,1,token_count,0.0,1,SCORED,0,split,0
1,public-012,1.0,1,structural_no_origin,0.0,1,SCORED,0,split,0
1,public-012,1.0,1,entity_degree,0.0,1,SCORED,0,split,0
1,public-012,1.0,1,rivet,0.0,1,CERTIFIED,0,squash-certified,0
1,public-012,-0.1259881576697424,0,commit_count,0.75,0,SCORED,1,squash-certified,0
1,public-012,0.42857142857142855,1,line_count,0.21951219512195122,0,SCORED,0,squash-certified,0
1,public-012,0.42857142857142855,1,token_count,0.23965351299326276,0,SCORED,0,squash-certified,0
1,public-012,0.42857142857142855,1,structural_no_origin,0.15870830125108673,0,SCORED,0,squash-certified,0
1,public-012,-0.3333333333333333,1,entity_degree,0.5625,0,SCORED,1,squash-certified,0
1,public-012,1.0,1,rivet,0.0,1,CERTIFIED,0,reorder-independent,0
1,public-012,1.0,1,commit_count,0.0,1,SCORED,0,reorder-independent,0
1,public-012,1.0,1,line_count,0.0,1,SCORED,0,reorder-independent,0
1,public-012,1.0,1,token_count,0.0,1,SCORED,0,reorder-independent,0
1,public-012,1.0,1,structural_no_origin,0.0,1,SCORED,0,reorder-independent,0
1,public-012,1.0,1,entity_degree,0.0,1,SCORED,0,reorder-independent,0
1,public-012,1.0,1,rivet,0.0,1,CERTIFIED,0,formatting,0
1,public-012,1.0,1,commit_count,0.0,1,SCORED,0,formatting,0
1,public-012,0.9128709291752769,0,line_count,0.13846153846153847,0,SCORED,0,formatting,0
1,public-012,1.0,1,token_count,0.0,1,SCORED,0,formatting,0
1,public-012,1.0,1,structural_no_origin,0.0,1,SCORED,0,formatting,0
1,public-012,1.0,1,entity_degree,0.0,1,SCORED,0,formatting,0
1,public-012,1.0,1,rivet,0.0,1,CERTIFIED,0,empty-commit-padding,0
1,public-012,1.0,0,commit_count,0.0,0,SCORED,0,empty-commit-padding,0
1,public-012,1.0,1,line_count,0.0,1,SCORED,0,empty-commit-padding,0
1,public-012,1.0,1,token_count,0.0,1,SCORED,0,empty-commit-padding,0
1,public-012,1.0,1,structural_no_origin,0.0,1,SCORED,0,empty-commit-padding,0
1,public-012,1.0,1,entity_degree,0.0,1,SCORED,0,empty-commit-padding,0
1,public-012,1.0,1,rivet,0.0,1,CERTIFIED,0,file-move,0
1,public-012,1.0,1,commit_count,0.0,1,SCORED,0,file-move,0
1,public-012,1.0,1,line_count,0.0,1,SCORED,0,file-move,0
1,public-012,1.0,1,token_count,0.0,1,SCORED,0,file-move,0
1,public-012,1.0,1,structural_no_origin,0.0,1,SCORED,0,file-move,0
1,public-012,1.0,1,entity_degree,0.0,1,SCORED,0,file-move,0
1,public-012,1.0,1,rivet,0.0,1,CERTIFIED,0,event-map,0
1,public-012,1.0,1,commit_count,0.0,1,SCORED,0,event-map,0
1,public-012,1.0,1,line_count,0.0,1,SCORED,0,event-map,0
1,public-012,1.0,1,token_count,0.0,1,SCORED,0,event-map,0
1,public-012,1.0,1,structural_no_origin,0.0,1,SCORED,0,event-map,0
1,public-012,1.0,1,entity_degree,0.0,1,SCORED,0,event-map,0
1,public-012,1.0,1,rivet,0.0,1,CERTIFIED,0,alias-certified,0
1,public-012,-0.40032038451271784,1,commit_count,0.5,0,SCORED,1,alias-certified,0
1,public-012,-0.09622504486493763,1,line_count,0.8536585365853658,0,SCORED,1,alias-certified,0
1,public-012,-0.09622504486493763,1,token_count,0.8123195380173244,0,SCORED,1,alias-certified,0
1,public-012,-0.09622504486493763,1,structural_no_origin,0.8816322703043734,0,SCORED,1,alias-certified,0
1,public-012,-0.5477225575051661,0,entity_degree,0.7272727272727273,0,SCORED,1,alias-certified,0
0,public-012,,1,rivet,,0,PARTIAL_ALIAS_ABSTENTION,,alias-ambiguous,0
0,public-012,-0.40032038451271784,1,commit_count,0.5,0,SCORED,1,alias-ambiguous,0
0,public-012,-0.09622504486493763,1,line_count,0.8536585365853658,0,SCORED,1,alias-ambiguous,0
0,public-012,-0.09622504486493763,1,token_count,0.8123195380173244,0,SCORED,1,alias-ambiguous,0
0,public-012,-0.09622504486493763,1,structural_no_origin,0.8816322703043734,0,SCORED,1,alias-ambiguous,0
0,public-012,-0.5477225575051661,0,entity_degree,0.7272727272727273,0,SCORED,1,alias-ambiguous,0
0,public-012,,0,rivet,,0,ABSTAIN_ORIGIN,,squash-without-origin,4
0,public-012,0.6666666666666666,0,commit_count,0.19642857142857142,0,SCORED,0,squash-without-origin,4
0,public-012,0.42857142857142855,1,line_count,0.21951219512195122,0,SCORED,0,squash-without-origin,4
0,public-012,0.42857142857142855,1,token_count,0.23965351299326276,0,SCORED,0,squash-without-origin,4
0,public-012,0.42857142857142855,1,structural_no_origin,0.15870830125108673,0,SCORED,0,squash-without-origin,4
0,public-012,-0.3333333333333333,1,entity_degree,0.5625,0,SCORED,1,squash-without-origin,4
1,public-013,1.0,1,rivet,0.0,1,CERTIFIED,0,split,0
1,public-013,0.7559289460184544,0,commit_count,0.075,0,SCORED,0,split,0
1,public-013,1.0,1,line_count,0.0,1,SCORED,0,split,0
1,public-013,1.0,1,token_count,0.0,1,SCORED,0,split,0
1,public-013,1.0,1,structural_no_origin,0.0,1,SCORED,0,split,0
1,public-013,1.0,1,entity_degree,0.0,1,SCORED,0,split,0
1,public-013,1.0,1,rivet,0.0,1,CERTIFIED,0,squash-certified,0
1,public-013,-0.1111111111111111,0,commit_count,0.75,0,SCORED,1,squash-certified,0
1,public-013,-0.25819888974716115,1,line_count,0.7331460674157303,0,SCORED,1,squash-certified,0
1,public-013,-0.25819888974716115,1,token_count,0.8152173913043478,0,SCORED,1,squash-certified,0
1,public-013,-0.08606629658238704,1,structural_no_origin,0.6248760495084223,0,SCORED,1,squash-certified,0
1,public-013,-0.08606629658238704,0,entity_degree,0.6,0,SCORED,1,squash-certified,0
1,public-013,1.0,1,rivet,0.0,1,CERTIFIED,0,reorder-independent,0
1,public-013,1.0,1,commit_count,0.0,1,SCORED,0,reorder-independent,0
1,public-013,1.0,1,line_count,0.0,1,SCORED,0,reorder-independent,0
1,public-013,1.0,1,token_count,0.0,1,SCORED,0,reorder-independent,0
1,public-013,1.0,1,structural_no_origin,0.0,1,SCORED,0,reorder-independent,0
1,public-013,1.0,1,entity_degree,0.0,1,SCORED,0,reorder-independent,0
1,public-013,1.0,1,rivet,0.0,1,CERTIFIED,0,formatting,0
1,public-013,1.0,1,commit_count,0.0,1,SCORED,0,formatting,0
1,public-013,0.8,0,line_count,0.06353783434423785,0,SCORED,1,formatting,0
1,public-013,1.0,1,token_count,0.0,1,SCORED,0,formatting,0
1,public-013,1.0,1,structural_no_origin,0.0,1,SCORED,0,formatting,0
1,public-013,1.0,1,entity_degree,0.0,1,SCORED,0,formatting,0
1,public-013,1.0,1,rivet,0.0,1,CERTIFIED,0,empty-commit-padding,0
1,public-013,1.0,0,commit_count,0.0,0,SCORED,0,empty-commit-padding,0
1,public-013,1.0,1,line_count,0.0,1,SCORED,0,empty-commit-padding,0
1,public-013,1.0,1,token_count,0.0,1,SCORED,0,empty-commit-padding,0
1,public-013,1.0,1,structural_no_origin,0.0,1,SCORED,0,empty-commit-padding,0
1,public-013,1.0,1,entity_degree,0.0,1,SCORED,0,empty-commit-padding,0
1,public-013,1.0,1,rivet,0.0,1,CERTIFIED,0,file-move,0
1,public-013,1.0,1,commit_count,0.0,1,SCORED,0,file-move,0
1,public-013,1.0,1,line_count,0.0,1,SCORED,0,file-move,0
1,public-013,1.0,1,token_count,0.0,1,SCORED,0,file-move,0
1,public-013,1.0,1,structural_no_origin,0.0,1,SCORED,0,file-move,0
1,public-013,1.0,1,entity_degree,0.0,1,SCORED,0,file-move,0
1,public-013,1.0,1,rivet,0.0,1,CERTIFIED,0,event-map,0
1,public-013,1.0,1,commit_count,0.0,1,SCORED,0,event-map,0
1,public-013,1.0,1,line_count,0.0,1,SCORED,0,event-map,0
1,public-013,1.0,1,token_count,0.0,1,SCORED,0,event-map,0
1,public-013,1.0,1,structural_no_origin,0.0,1,SCORED,0,event-map,0
1,public-013,1.0,1,entity_degree,0.0,1,SCORED,0,event-map,0
1,public-013,1.0,1,rivet,0.0,1,CERTIFIED,0,alias-certified,0
1,public-013,-1.0,1,commit_count,0.5,0,SCORED,1,alias-certified,0
1,public-013,0.0,1,line_count,0.3960674157303371,0,SCORED,0,alias-certified,0
1,public-013,0.09759000729485333,1,token_count,0.2808695652173913,0,SCORED,0,alias-certified,0
1,public-013,-0.19518001458970666,1,structural_no_origin,0.5388197568141253,0,SCORED,1,alias-certified,0
1,public-013,-0.3903600291794133,0,entity_degree,0.5,0,SCORED,1,alias-certified,0
0,public-013,,1,rivet,,0,PARTIAL_ALIAS_ABSTENTION,,alias-ambiguous,0
0,public-013,-1.0,1,commit_count,0.5,0,SCORED,1,alias-ambiguous,0
0,public-013,0.0,1,line_count,0.3960674157303371,0,SCORED,0,alias-ambiguous,0
0,public-013,0.09759000729485333,1,token_count,0.2808695652173913,0,SCORED,0,alias-ambiguous,0
0,public-013,-0.19518001458970666,1,structural_no_origin,0.5388197568141253,0,SCORED,1,alias-ambiguous,0
0,public-013,-0.3903600291794133,0,entity_degree,0.5,0,SCORED,1,alias-ambiguous,0
0,public-013,,0,rivet,,0,ABSTAIN_ORIGIN,,squash-without-origin,2
0,public-013,0.30151134457776363,0,commit_count,0.25,0,SCORED,0,squash-without-origin,2
0,public-013,-0.13801311186847084,1,line_count,0.45224719101123595,0,SCORED,1,squash-without-origin,2
0,public-013,-0.13801311186847084,1,token_count,0.5217391304347826,0,SCORED,1,squash-without-origin,2
0,public-013,0.13801311186847084,1,structural_no_origin,0.4338976087987834,0,SCORED,0,squash-without-origin,2
0,public-013,0.5520524474738834,1,entity_degree,0.19230769230769232,0,SCORED,0,squash-without-origin,2
1,public-014,1.0,1,rivet,0.0,1,CERTIFIED,0,split,0
1,public-014,1.0,0,commit_count,0.025,0,SCORED,0,split,0
1,public-014,1.0,1,line_count,0.0,1,SCORED,0,split,0
1,public-014,1.0,1,token_count,0.0,1,SCORED,0,split,0
1,public-014,1.0,1,structural_no_origin,0.0,1,SCORED,0,split,0
1,public-014,1.0,1,entity_degree,0.0,1,SCORED,0,split,0
1,public-014,1.0,1,rivet,0.0,1,CERTIFIED,0,squash-certified,0
1,public-014,0.3333333333333333,0,commit_count,0.25,0,SCORED,0,squash-certified,0
1,public-014,0.3333333333333333,1,line_count,0.2522255192878338,0,SCORED,0,squash-certified,0
1,public-014,0.3333333333333333,1,token_count,0.24103209565764633,0,SCORED,0,squash-certified,0
1,public-014,0.3333333333333333,1,structural_no_origin,0.10143137928965953,0,SCORED,0,squash-certified,0
1,public-014,0.3333333333333333,0,entity_degree,0.4090909090909091,0,SCORED,0,squash-certified,0
1,public-014,1.0,1,rivet,0.0,1,CERTIFIED,0,reorder-independent,0
1,public-014,1.0,1,commit_count,0.0,1,SCORED,0,reorder-independent,0
1,public-014,1.0,1,line_count,0.0,1,SCORED,0,reorder-independent,0
1,public-014,1.0,1,token_count,0.0,1,SCORED,0,reorder-independent,0
1,public-014,1.0,1,structural_no_origin,0.0,1,SCORED,0,reorder-independent,0
1,public-014,1.0,1,entity_degree,0.0,1,SCORED,0,reorder-independent,0
1,public-014,1.0,1,rivet,0.0,1,CERTIFIED,0,formatting,0
1,public-014,1.0,1,commit_count,0.0,1,SCORED,0,formatting,0
1,public-014,1.0,0,line_count,0.02376628449640559,0,SCORED,0,formatting,0
1,public-014,1.0,1,token_count,0.0,1,SCORED,0,formatting,0
1,public-014,1.0,1,structural_no_origin,0.0,1,SCORED,0,formatting,0
1,public-014,1.0,1,entity_degree,0.0,1,SCORED,0,formatting,0
1,public-014,1.0,1,rivet,0.0,1,CERTIFIED,0,empty-commit-padding,0
1,public-014,1.0,0,commit_count,0.0,0,SCORED,0,empty-commit-padding,0
1,public-014,1.0,1,line_count,0.0,1,SCORED,0,empty-commit-padding,0
1,public-014,1.0,1,token_count,0.0,1,SCORED,0,empty-commit-padding,0
1,public-014,1.0,1,structural_no_origin,0.0,1,SCORED,0,empty-commit-padding,0
1,public-014,1.0,1,entity_degree,0.0,1,SCORED,0,empty-commit-padding,0
1,public-014,1.0,1,rivet,0.0,1,CERTIFIED,0,file-move,0
1,public-014,1.0,1,commit_count,0.0,1,SCORED,0,file-move,0
1,public-014,1.0,1,line_count,0.0,1,SCORED,0,file-move,0
1,public-014,1.0,1,token_count,0.0,1,SCORED,0,file-move,0
1,public-014,1.0,1,structural_no_origin,0.0,1,SCORED,0,file-move,0
1,public-014,1.0,1,entity_degree,0.0,1,SCORED,0,file-move,0
1,public-014,1.0,1,rivet,0.0,1,CERTIFIED,0,event-map,0
1,public-014,1.0,1,commit_count,0.0,1,SCORED,0,event-map,0
1,public-014,1.0,1,line_count,0.0,1,SCORED,0,event-map,0
1,public-014,1.0,1,token_count,0.0,1,SCORED,0,event-map,0
1,public-014,1.0,1,structural_no_origin,0.0,1,SCORED,0,event-map,0
1,public-014,1.0,1,entity_degree,0.0,1,SCORED,0,event-map,0
1,public-014,1.0,1,rivet,0.0,1,CERTIFIED,0,alias-certified,0
1,public-014,-0.9128709291752769,1,commit_count,0.875,0,SCORED,1,alias-certified,0
1,public-014,-0.9128709291752769,1,line_count,0.9821958456973294,0,SCORED,1,alias-certified,0
1,public-014,-0.9128709291752769,1,token_count,0.9811202013845186,0,SCORED,1,alias-certified,0
1,public-014,-0.9128709291752769,1,structural_no_origin,0.9971017196650057,0,SCORED,1,alias-certified,0
1,public-014,-0.9128709291752769,0,entity_degree,0.8333333333333334,0,SCORED,1,alias-certified,0
0,public-014,,1,rivet,,0,PARTIAL_ALIAS_ABSTENTION,,alias-ambiguous,0
0,public-014,-0.9128709291752769,1,commit_count,0.875,0,SCORED,1,alias-ambiguous,0
0,public-014,-0.9128709291752769,1,line_count,0.9821958456973294,0,SCORED,1,alias-ambiguous,0
0,public-014,-0.9128709291752769,1,token_count,0.9811202013845186,0,SCORED,1,alias-ambiguous,0
0,public-014,-0.9128709291752769,1,structural_no_origin,0.9971017196650057,0,SCORED,1,alias-ambiguous,0
0,public-014,-0.9128709291752769,0,entity_degree,0.8333333333333334,0,SCORED,1,alias-ambiguous,0
0,public-014,,0,rivet,,0,ABSTAIN_ORIGIN,,squash-without-origin,3
0,public-014,0.3333333333333333,0,commit_count,0.14285714285714285,0,SCORED,0,squash-without-origin,3
0,public-014,0.3333333333333333,1,line_count,0.2522255192878338,0,SCORED,0,squash-without-origin,3
0,public-014,0.3333333333333333,1,token_count,0.24103209565764633,0,SCORED,0,squash-without-origin,3
0,public-014,0.3333333333333333,1,structural_no_origin,0.10143137928965953,0,SCORED,0,squash-without-origin,3
0,public-014,0.3333333333333333,0,entity_degree,0.4090909090909091,0,SCORED,0,squash-without-origin,3
1,public-015,1.0,1,rivet,0.0,1,CERTIFIED,0,split,0
1,public-015,0.9128709291752769,0,commit_count,0.10227272727272728,0,SCORED,0,split,0
1,public-015,1.0,1,line_count,0.0,1,SCORED,0,split,0
1,public-015,1.0,1,token_count,0.0,1,SCORED,0,split,0
1,public-015,1.0,1,structural_no_origin,1.3925060787684462e-17,1,SCORED,0,split,0
1,public-015,1.0,1,entity_degree,0.0,1,SCORED,0,split,0
1,public-015,1.0,1,rivet,0.0,1,CERTIFIED,0,squash-certified,0
1,public-015,-0.1259881576697424,0,commit_count,0.75,0,SCORED,1,squash-certified,0
1,public-015,0.11952286093343936,1,line_count,0.31585623678646935,0,SCORED,0,squash-certified,0
1,public-015,-0.11952286093343936,1,token_count,0.5827007409647663,0,SCORED,1,squash-certified,0
1,public-015,-0.11952286093343936,1,structural_no_origin,0.5707309585226257,0,SCORED,1,squash-certified,0
1,public-015,-0.1259881576697424,1,entity_degree,0.6363636363636364,0,SCORED,1,squash-certified,0
1,public-015,1.0,1,rivet,0.0,1,CERTIFIED,0,reorder-independent,0
1,public-015,1.0,1,commit_count,0.0,1,SCORED,0,reorder-independent,0
1,public-015,1.0,1,line_count,0.0,1,SCORED,0,reorder-independent,0
1,public-015,1.0,1,token_count,0.0,1,SCORED,0,reorder-independent,0
1,public-015,1.0,1,structural_no_origin,0.0,1,SCORED,0,reorder-independent,0
1,public-015,1.0,1,entity_degree,0.0,1,SCORED,0,reorder-independent,0
1,public-015,1.0,1,rivet,0.0,1,CERTIFIED,0,formatting,0
1,public-015,1.0,1,commit_count,0.0,1,SCORED,0,formatting,0
1,public-015,0.6666666666666666,0,line_count,0.014380788503616244,0,SCORED,0,formatting,0
1,public-015,1.0,1,token_count,0.0,1,SCORED,0,formatting,0
1,public-015,1.0,1,structural_no_origin,0.0,1,SCORED,0,formatting,0
1,public-015,1.0,1,entity_degree,0.0,1,SCORED,0,formatting,0
1,public-015,1.0,1,rivet,0.0,1,CERTIFIED,0,empty-commit-padding,0
1,public-015,1.0,0,commit_count,0.0,0,SCORED,0,empty-commit-padding,0
1,public-015,1.0,1,line_count,0.0,1,SCORED,0,empty-commit-padding,0
1,public-015,1.0,1,token_count,0.0,1,SCORED,0,empty-commit-padding,0
1,public-015,1.0,1,structural_no_origin,0.0,1,SCORED,0,empty-commit-padding,0
1,public-015,1.0,1,entity_degree,0.0,1,SCORED,0,empty-commit-padding,0
1,public-015,1.0,1,rivet,0.0,1,CERTIFIED,0,file-move,0
1,public-015,1.0,1,commit_count,0.0,1,SCORED,0,file-move,0
1,public-015,1.0,1,line_count,0.0,1,SCORED,0,file-move,0
1,public-015,1.0,1,token_count,0.0,1,SCORED,0,file-move,0
1,public-015,1.0,1,structural_no_origin,0.0,1,SCORED,0,file-move,0
1,public-015,1.0,1,entity_degree,0.0,1,SCORED,0,file-move,0
1,public-015,1.0,1,rivet,0.0,1,CERTIFIED,0,event-map,0
1,public-015,1.0,1,commit_count,0.0,1,SCORED,0,event-map,0
1,public-015,1.0,1,line_count,0.0,1,SCORED,0,event-map,0
1,public-015,1.0,1,token_count,0.0,1,SCORED,0,event-map,0
1,public-015,1.0,1,structural_no_origin,0.0,1,SCORED,0,event-map,0
1,public-015,1.0,1,entity_degree,0.0,1,SCORED,0,event-map,0
1,public-015,1.0,1,rivet,0.0,1,CERTIFIED,0,alias-certified,0
1,public-015,-0.16724840200141816,1,commit_count,0.375,0,SCORED,1,alias-certified,0
1,public-015,-0.41403933560541256,1,line_count,0.7315010570824524,0,SCORED,1,alias-certified,0
1,public-015,-0.41403933560541256,1,token_count,0.8690760623015273,0,SCORED,1,alias-certified,0
1,public-015,-0.41403933560541256,1,structural_no_origin,0.89400457862689,0,SCORED,1,alias-certified,0
1,public-015,-0.40032038451271784,1,entity_degree,0.5454545454545454,0,SCORED,1,alias-certified,0
0,public-015,,1,rivet,,0,PARTIAL_ALIAS_ABSTENTION,,alias-ambiguous,0
0,public-015,-0.16724840200141816,1,commit_count,0.375,0,SCORED,1,alias-ambiguous,0
0,public-015,-0.41403933560541256,1,line_count,0.7315010570824524,0,SCORED,1,alias-ambiguous,0
0,public-015,-0.41403933560541256,1,token_count,0.8690760623015273,0,SCORED,1,alias-ambiguous,0
0,public-015,-0.41403933560541256,1,structural_no_origin,0.89400457862689,0,SCORED,1,alias-ambiguous,0
0,public-015,-0.40032038451271784,1,entity_degree,0.5454545454545454,0,SCORED,1,alias-ambiguous,0
0,public-015,,0,rivet,,0,ABSTAIN_ORIGIN,,squash-without-origin,2
0,public-015,0.6666666666666666,0,commit_count,0.23214285714285715,0,SCORED,0,squash-without-origin,2
0,public-015,0.5270462766947299,1,line_count,0.006342494714587738,0,SCORED,0,squash-without-origin,2
0,public-015,0.5270462766947299,1,token_count,0.0034175109632541964,0,SCORED,0,squash-without-origin,2
0,public-015,0.5270462766947299,1,structural_no_origin,0.0011822165224047126,0,SCORED,0,squash-without-origin,2
0,public-015,0.5555555555555556,1,entity_degree,0.18181818181818182,0,SCORED,0,squash-without-origin,2
1,public-016,1.0,1,rivet,0.0,1,CERTIFIED,0,split,0
1,public-016,0.674199862463242,0,commit_count,0.125,0,SCORED,0,split,0
1,public-016,1.0,1,line_count,0.0,1,SCORED,0,split,0
1,public-016,1.0,1,token_count,0.0,1,SCORED,0,split,0
1,public-016,1.0,1,structural_no_origin,0.0,1,SCORED,0,split,0
1,public-016,1.0,1,entity_degree,0.0,1,SCORED,0,split,0
1,public-016,1.0,1,rivet,0.0,1,CERTIFIED,0,squash-certified,0
1,public-016,-0.09090909090909091,0,commit_count,0.75,0,SCORED,1,squash-certified,0
1,public-016,0.0657951694959769,1,line_count,0.4854111405835544,0,SCORED,0,squash-certified,0
1,public-016,-0.0657951694959769,1,token_count,0.5181297709923665,0,SCORED,1,squash-certified,0
1,public-016,-0.0657951694959769,1,structural_no_origin,0.528697383967686,0,SCORED,1,squash-certified,0
1,public-016,-0.06741998624632421,0,entity_degree,0.6964285714285714,0,SCORED,1,squash-certified,0
1,public-016,1.0,1,rivet,0.0,1,CERTIFIED,0,reorder-independent,0
1,public-016,1.0,1,commit_count,0.0,1,SCORED,0,reorder-independent,0
1,public-016,1.0,1,line_count,0.0,1,SCORED,0,reorder-independent,0
1,public-016,1.0,1,token_count,0.0,1,SCORED,0,reorder-independent,0
1,public-016,1.0,1,structural_no_origin,0.0,1,SCORED,0,reorder-independent,0
1,public-016,1.0,1,entity_degree,0.0,1,SCORED,0,reorder-independent,0
1,public-016,1.0,1,rivet,0.0,1,CERTIFIED,0,formatting,0
1,public-016,1.0,1,commit_count,0.0,1,SCORED,0,formatting,0
1,public-016,1.0,0,line_count,0.06541013116794993,0,SCORED,0,formatting,0
1,public-016,1.0,1,token_count,0.0,1,SCORED,0,formatting,0
1,public-016,1.0,1,structural_no_origin,0.0,1,SCORED,0,formatting,0
1,public-016,1.0,1,entity_degree,0.0,1,SCORED,0,formatting,0
1,public-016,1.0,1,rivet,0.0,1,CERTIFIED,0,empty-commit-padding,0
1,public-016,1.0,0,commit_count,0.0,0,SCORED,0,empty-commit-padding,0
1,public-016,1.0,1,line_count,0.0,1,SCORED,0,empty-commit-padding,0
1,public-016,1.0,1,token_count,0.0,1,SCORED,0,empty-commit-padding,0
1,public-016,1.0,1,structural_no_origin,0.0,1,SCORED,0,empty-commit-padding,0
1,public-016,1.0,1,entity_degree,0.0,1,SCORED,0,empty-commit-padding,0
1,public-016,1.0,1,rivet,0.0,1,CERTIFIED,0,file-move,0
1,public-016,1.0,1,commit_count,0.0,1,SCORED,0,file-move,0
1,public-016,1.0,1,line_count,0.0,1,SCORED,0,file-move,0
1,public-016,1.0,1,token_count,0.0,1,SCORED,0,file-move,0
1,public-016,1.0,1,structural_no_origin,0.0,1,SCORED,0,file-move,0
1,public-016,1.0,1,entity_degree,0.0,1,SCORED,0,file-move,0
1,public-016,1.0,1,rivet,0.0,1,CERTIFIED,0,event-map,0
1,public-016,1.0,1,commit_count,0.0,1,SCORED,0,event-map,0
1,public-016,1.0,1,line_count,0.0,1,SCORED,0,event-map,0
1,public-016,1.0,1,token_count,0.0,1,SCORED,0,event-map,0
1,public-016,1.0,1,structural_no_origin,0.0,1,SCORED,0,event-map,0
1,public-016,1.0,1,entity_degree,0.0,1,SCORED,0,event-map,0
1,public-016,1.0,1,rivet,0.0,1,CERTIFIED,0,alias-certified,0
1,public-016,-0.807207352795575,1,commit_count,0.375,0,SCORED,1,alias-certified,0
1,public-016,-0.181848241863327,1,line_count,0.5755968169761273,0,SCORED,1,alias-certified,0
1,public-016,-0.181848241863327,1,token_count,0.5834923664122137,0,SCORED,1,alias-certified,0
1,public-016,-0.181848241863327,1,structural_no_origin,0.5748541199211994,0,SCORED,1,alias-certified,0
1,public-016,-0.07844645405527362,0,entity_degree,0.36764705882352944,0,SCORED,1,alias-certified,0
0,public-016,,1,rivet,,0,PARTIAL_ALIAS_ABSTENTION,,alias-ambiguous,0
0,public-016,-0.807207352795575,1,commit_count,0.375,0,SCORED,1,alias-ambiguous,0
0,public-016,-0.181848241863327,1,line_count,0.5755968169761273,0,SCORED,1,alias-ambiguous,0
0,public-016,-0.181848241863327,1,token_count,0.5834923664122137,0,SCORED,1,alias-ambiguous,0
0,public-016,-0.181848241863327,1,structural_no_origin,0.5748541199211994,0,SCORED,1,alias-ambiguous,0
0,public-016,-0.07844645405527362,0,entity_degree,0.36764705882352944,0,SCORED,1,alias-ambiguous,0
0,public-016,,0,rivet,,0,ABSTAIN_ORIGIN,,squash-without-origin,3
0,public-016,0.3223291856101521,0,commit_count,0.25,0,SCORED,0,squash-without-origin,3
0,public-016,0.09759000729485333,1,line_count,0.27320954907161804,0,SCORED,0,squash-without-origin,3
0,public-016,0.09759000729485333,1,token_count,0.2547709923664122,0,SCORED,0,squash-without-origin,3
0,public-016,0.0,1,structural_no_origin,0.29495432356342666,0,SCORED,0,squash-without-origin,3
0,public-016,0.55,1,entity_degree,0.17857142857142858,0,SCORED,0,squash-without-origin,3
1,public-017,1.0,1,rivet,0.0,1,CERTIFIED,0,split,0
1,public-017,0.8017837257372732,0,commit_count,0.125,0,SCORED,1,split,0
1,public-017,1.0,1,line_count,0.0,1,SCORED,0,split,0
1,public-017,1.0,1,token_count,0.0,1,SCORED,0,split,0
1,public-017,1.0,1,structural_no_origin,0.0,1,SCORED,0,split,0
1,public-017,1.0,1,entity_degree,0.0,1,SCORED,0,split,0
1,public-017,1.0,1,rivet,0.0,1,CERTIFIED,0,squash-certified,0
1,public-017,-0.09622504486493763,0,commit_count,0.75,0,SCORED,1,squash-certified,0
1,public-017,-0.2672612419124244,1,line_count,0.8280542986425339,0,SCORED,1,squash-certified,0
1,public-017,-0.25819888974716115,1,token_count,0.7976673427991886,0,SCORED,1,squash-certified,0
1,public-017,-0.43033148291193524,1,structural_no_origin,0.9534883720930233,0,SCORED,1,squash-certified,0
1,public-017,-0.43033148291193524,0,entity_degree,0.8076923076923077,0,SCORED,1,squash-certified,0
1,public-017,1.0,1,rivet,0.0,1,CERTIFIED,0,reorder-independent,0
1,public-017,1.0,1,commit_count,0.0,1,SCORED,0,reorder-independent,0
1,public-017,1.0,1,line_count,0.0,1,SCORED,0,reorder-independent,0
1,public-017,1.0,1,token_count,0.0,1,SCORED,0,reorder-independent,0
1,public-017,1.0,1,structural_no_origin,0.0,1,SCORED,0,reorder-independent,0
1,public-017,1.0,1,entity_degree,0.0,1,SCORED,0,reorder-independent,0
1,public-017,1.0,1,rivet,0.0,1,CERTIFIED,0,formatting,0
1,public-017,1.0,1,commit_count,0.0,1,SCORED,0,formatting,0
1,public-017,1.0,0,line_count,0.12898068715474542,0,SCORED,0,formatting,0
1,public-017,1.0,1,token_count,0.0,1,SCORED,0,formatting,0
1,public-017,1.0,1,structural_no_origin,0.0,1,SCORED,0,formatting,0
1,public-017,1.0,1,entity_degree,0.0,1,SCORED,0,formatting,0
1,public-017,1.0,1,rivet,0.0,1,CERTIFIED,0,empty-commit-padding,0
1,public-017,1.0,0,commit_count,0.0,0,SCORED,0,empty-commit-padding,0
1,public-017,1.0,1,line_count,0.0,1,SCORED,0,empty-commit-padding,0
1,public-017,1.0,1,token_count,0.0,1,SCORED,0,empty-commit-padding,0
1,public-017,1.0,1,structural_no_origin,0.0,1,SCORED,0,empty-commit-padding,0
1,public-017,1.0,1,entity_degree,0.0,1,SCORED,0,empty-commit-padding,0
1,public-017,1.0,1,rivet,0.0,1,CERTIFIED,0,file-move,0
1,public-017,1.0,1,commit_count,0.0,1,SCORED,0,file-move,0
1,public-017,1.0,1,line_count,0.0,1,SCORED,0,file-move,0
1,public-017,1.0,1,token_count,0.0,1,SCORED,0,file-move,0
1,public-017,1.0,1,structural_no_origin,0.0,1,SCORED,0,file-move,0
1,public-017,1.0,1,entity_degree,0.0,1,SCORED,0,file-move,0
1,public-017,1.0,1,rivet,0.0,1,CERTIFIED,0,event-map,0
1,public-017,1.0,1,commit_count,0.0,1,SCORED,0,event-map,0
1,public-017,1.0,1,line_count,0.0,1,SCORED,0,event-map,0
1,public-017,1.0,1,token_count,0.0,1,SCORED,0,event-map,0
1,public-017,1.0,1,structural_no_origin,0.0,1,SCORED,0,event-map,0
1,public-017,1.0,1,entity_degree,0.0,1,SCORED,0,event-map,0
1,public-017,1.0,1,rivet,0.0,1,CERTIFIED,0,alias-certified,0
1,public-017,0.07312724241271307,1,commit_count,0.25,0,SCORED,0,alias-certified,0
1,public-017,-0.16222142113076254,1,line_count,0.669683257918552,0,SCORED,1,alias-certified,0
1,public-017,0.0,1,token_count,0.6191683569979716,0,SCORED,1,alias-certified,0
1,public-017,0.15,1,structural_no_origin,0.23953488372093024,0,SCORED,0,alias-certified,0
1,public-017,0.05,1,entity_degree,0.3076923076923077,0,SCORED,1,alias-certified,0
0,public-017,,1,rivet,,0,PARTIAL_ALIAS_ABSTENTION,,alias-ambiguous,0
0,public-017,0.07312724241271307,1,commit_count,0.25,0,SCORED,0,alias-ambiguous,0
0,public-017,-0.16222142113076254,1,line_count,0.669683257918552,0,SCORED,1,alias-ambiguous,0
0,public-017,0.0,1,token_count,0.6191683569979716,0,SCORED,1,alias-ambiguous,0
0,public-017,0.15,1,structural_no_origin,0.23953488372093024,0,SCORED,0,alias-ambiguous,0
0,public-017,0.05,1,entity_degree,0.3076923076923077,0,SCORED,1,alias-ambiguous,0
0,public-017,,0,rivet,,0,ABSTAIN_ORIGIN,,squash-without-origin,3
0,public-017,0.6092717958449424,0,commit_count,0.21428571428571427,0,SCORED,1,squash-without-origin,3
0,public-017,0.14285714285714285,1,line_count,0.2669683257918552,0,SCORED,0,squash-without-origin,3
0,public-017,0.2,1,token_count,0.24188640973630832,0,SCORED,0,squash-without-origin,3
0,public-017,-0.2,1,structural_no_origin,0.7232558139534884,0,SCORED,1,squash-without-origin,3
0,public-017,-0.2,1,entity_degree,0.34615384615384615,0,SCORED,1,squash-without-origin,3
1,public-018,1.0,1,rivet,0.0,1,CERTIFIED,0,split,0
1,public-018,1.0,0,commit_count,0.05,0,SCORED,0,split,0
1,public-018,1.0,1,line_count,0.0,1,SCORED,0,split,0
1,public-018,1.0,1,token_count,0.0,1,SCORED,0,split,0
1,public-018,1.0,1,structural_no_origin,0.0,1,SCORED,0,split,0
1,public-018,1.0,1,entity_degree,0.0,1,SCORED,0,split,0
1,public-018,1.0,1,rivet,0.0,1,CERTIFIED,0,squash-certified,0
1,public-018,-0.1259881576697424,0,commit_count,0.75,0,SCORED,1,squash-certified,0
1,public-018,0.0,1,line_count,0.9979020979020979,0,SCORED,1,squash-certified,0
1,public-018,0.0,1,token_count,0.9980486685032139,0,SCORED,1,squash-certified,0
1,public-018,0.0,1,structural_no_origin,0.9986266289151914,0,SCORED,1,squash-certified,0
1,public-018,-0.18257418583505536,0,entity_degree,0.8846153846153846,0,SCORED,1,squash-certified,0
1,public-018,1.0,1,rivet,0.0,1,CERTIFIED,0,reorder-independent,0
1,public-018,1.0,1,commit_count,0.0,1,SCORED,0,reorder-independent,0
1,public-018,1.0,1,line_count,0.0,1,SCORED,0,reorder-independent,0
1,public-018,1.0,1,token_count,0.0,1,SCORED,0,reorder-independent,0
1,public-018,1.0,1,structural_no_origin,0.0,1,SCORED,0,reorder-independent,0
1,public-018,1.0,1,entity_degree,0.0,1,SCORED,0,reorder-independent,0
1,public-018,1.0,1,rivet,0.0,1,CERTIFIED,0,formatting,0
1,public-018,1.0,1,commit_count,0.0,1,SCORED,0,formatting,0
1,public-018,1.0,0,line_count,0.019884702453509793,0,SCORED,0,formatting,0
1,public-018,1.0,1,token_count,0.0,1,SCORED,0,formatting,0
1,public-018,1.0,1,structural_no_origin,0.0,1,SCORED,0,formatting,0
1,public-018,1.0,1,entity_degree,0.0,1,SCORED,0,formatting,0
1,public-018,1.0,1,rivet,0.0,1,CERTIFIED,0,empty-commit-padding,0
1,public-018,1.0,0,commit_count,0.0,0,SCORED,0,empty-commit-padding,0
1,public-018,1.0,1,line_count,0.0,1,SCORED,0,empty-commit-padding,0
1,public-018,1.0,1,token_count,0.0,1,SCORED,0,empty-commit-padding,0
1,public-018,1.0,1,structural_no_origin,0.0,1,SCORED,0,empty-commit-padding,0
1,public-018,1.0,1,entity_degree,0.0,1,SCORED,0,empty-commit-padding,0
1,public-018,1.0,1,rivet,0.0,1,CERTIFIED,0,file-move,0
1,public-018,1.0,1,commit_count,0.0,1,SCORED,0,file-move,0
1,public-018,1.0,1,line_count,0.0,1,SCORED,0,file-move,0
1,public-018,1.0,1,token_count,0.0,1,SCORED,0,file-move,0
1,public-018,1.0,1,structural_no_origin,0.0,1,SCORED,0,file-move,0
1,public-018,1.0,1,entity_degree,0.0,1,SCORED,0,file-move,0
1,public-018,1.0,1,rivet,0.0,1,CERTIFIED,0,event-map,0
1,public-018,1.0,1,commit_count,0.0,1,SCORED,0,event-map,0
1,public-018,1.0,1,line_count,0.0,1,SCORED,0,event-map,0
1,public-018,1.0,1,token_count,0.0,1,SCORED,0,event-map,0
1,public-018,1.0,1,structural_no_origin,0.0,1,SCORED,0,event-map,0
1,public-018,1.0,1,entity_degree,0.0,1,SCORED,0,event-map,0
1,public-018,1.0,1,rivet,0.0,1,CERTIFIED,0,alias-certified,0
1,public-018,-0.40032038451271784,1,commit_count,0.5,0,SCORED,1,alias-certified,0
1,public-018,-0.23145502494313785,1,line_count,0.8160839160839161,0,SCORED,1,alias-certified,0
1,public-018,-0.07715167498104596,1,token_count,0.783287419651056,0,SCORED,1,alias-certified,0
1,public-018,-0.07715167498104596,1,structural_no_origin,0.8022411400627222,0,SCORED,1,alias-certified,0
1,public-018,-0.4444444444444444,1,entity_degree,0.5454545454545454,0,SCORED,1,alias-certified,0
0,public-018,,1,rivet,,0,PARTIAL_ALIAS_ABSTENTION,,alias-ambiguous,0
0,public-018,-0.40032038451271784,1,commit_count,0.5,0,SCORED,1,alias-ambiguous,0
0,public-018,-0.23145502494313785,1,line_count,0.8160839160839161,0,SCORED,1,alias-ambiguous,0
0,public-018,-0.07715167498104596,1,token_count,0.783287419651056,0,SCORED,1,alias-ambiguous,0
0,public-018,-0.07715167498104596,1,structural_no_origin,0.8022411400627222,0,SCORED,1,alias-ambiguous,0
0,public-018,-0.4444444444444444,1,entity_degree,0.5454545454545454,0,SCORED,1,alias-ambiguous,0
0,public-018,,0,rivet,,0,ABSTAIN_ORIGIN,,squash-without-origin,6
0,public-018,0.6666666666666666,0,commit_count,0.17857142857142858,0,SCORED,0,squash-without-origin,6
0,public-018,0.10540925533894598,1,line_count,0.9230769230769231,0,SCORED,1,squash-without-origin,6
0,public-018,0.10540925533894598,1,token_count,0.9248163452708907,0,SCORED,1,squash-without-origin,6
0,public-018,-0.10540925533894598,1,structural_no_origin,0.9497477226381567,0,SCORED,1,squash-without-origin,6
0,public-018,-0.3333333333333333,0,entity_degree,0.5,0,SCORED,1,squash-without-origin,6
1,public-019,1.0,1,rivet,0.0,1,CERTIFIED,0,split,0
1,public-019,0.0,0,commit_count,0.038461538461538464,0,SCORED,1,split,0
1,public-019,1.0,1,line_count,0.0,1,SCORED,0,split,0
1,public-019,1.0,1,token_count,0.0,1,SCORED,0,split,0
1,public-019,1.0,1,structural_no_origin,0.0,1,SCORED,0,split,0
1,public-019,1.0,1,entity_degree,0.0,1,SCORED,0,split,0
1,public-019,1.0,1,rivet,0.0,1,CERTIFIED,0,squash-certified,0
1,public-019,-1.0,0,commit_count,0.5,0,SCORED,1,squash-certified,0
1,public-019,-0.3333333333333333,1,line_count,0.2672919109026964,0,SCORED,1,squash-certified,0
1,public-019,-0.3333333333333333,1,token_count,0.2909090909090909,0,SCORED,1,squash-certified,0
1,public-019,-1.0,1,structural_no_origin,0.47821885333987435,0,SCORED,1,squash-certified,0
1,public-019,1.0,0,entity_degree,0.3088235294117647,0,SCORED,0,squash-certified,0
1,public-019,1.0,1,rivet,0.0,1,CERTIFIED,0,reorder-independent,0
1,public-019,1.0,1,commit_count,0.0,1,SCORED,0,reorder-independent,0
1,public-019,1.0,1,line_count,0.0,1,SCORED,0,reorder-independent,0
1,public-019,1.0,1,token_count,0.0,1,SCORED,0,reorder-independent,0
1,public-019,1.0,1,structural_no_origin,0.0,1,SCORED,0,reorder-independent,0
1,public-019,1.0,1,entity_degree,0.0,1,SCORED,0,reorder-independent,0
1,public-019,1.0,1,rivet,0.0,1,CERTIFIED,0,formatting,0
1,public-019,1.0,1,commit_count,0.0,1,SCORED,0,formatting,0
1,public-019,1.0,0,line_count,0.0007708490581188071,0,SCORED,0,formatting,0
1,public-019,1.0,1,token_count,0.0,1,SCORED,0,formatting,0
1,public-019,1.0,1,structural_no_origin,0.0,1,SCORED,0,formatting,0
1,public-019,1.0,1,entity_degree,0.0,1,SCORED,0,formatting,0
1,public-019,1.0,1,rivet,0.0,1,CERTIFIED,0,empty-commit-padding,0
1,public-019,1.0,0,commit_count,0.0,0,SCORED,0,empty-commit-padding,0
1,public-019,1.0,1,line_count,0.0,1,SCORED,0,empty-commit-padding,0
1,public-019,1.0,1,token_count,0.0,1,SCORED,0,empty-commit-padding,0
1,public-019,1.0,1,structural_no_origin,0.0,1,SCORED,0,empty-commit-padding,0
1,public-019,1.0,1,entity_degree,0.0,1,SCORED,0,empty-commit-padding,0
1,public-019,1.0,1,rivet,0.0,1,CERTIFIED,0,file-move,0
1,public-019,1.0,1,commit_count,0.0,1,SCORED,0,file-move,0
1,public-019,1.0,1,line_count,0.0,1,SCORED,0,file-move,0
1,public-019,1.0,1,token_count,0.0,1,SCORED,0,file-move,0
1,public-019,1.0,1,structural_no_origin,0.0,1,SCORED,0,file-move,0
1,public-019,1.0,1,entity_degree,0.0,1,SCORED,0,file-move,0
1,public-019,1.0,1,rivet,0.0,1,CERTIFIED,0,event-map,0
1,public-019,1.0,1,commit_count,0.0,1,SCORED,0,event-map,0
1,public-019,1.0,1,line_count,0.0,1,SCORED,0,event-map,0
1,public-019,1.0,1,token_count,0.0,1,SCORED,0,event-map,0
1,public-019,1.0,1,structural_no_origin,0.0,1,SCORED,0,event-map,0
1,public-019,1.0,1,entity_degree,0.0,1,SCORED,0,event-map,0
1,public-019,1.0,1,rivet,0.0,1,CERTIFIED,0,alias-certified,0
1,public-019,0.0,1,commit_count,0.5,0,SCORED,0,alias-certified,0
1,public-019,-0.18257418583505536,1,line_count,0.5076201641266119,0,SCORED,1,alias-certified,0
1,public-019,-0.18257418583505536,1,token_count,0.5300324675324676,0,SCORED,1,alias-certified,0
1,public-019,-0.5477225575051661,1,structural_no_origin,0.6534336118851178,0,SCORED,1,alias-certified,0
1,public-019,-0.18257418583505536,0,entity_degree,0.5652173913043478,0,SCORED,1,alias-certified,0
0,public-019,,1,rivet,,0,PARTIAL_ALIAS_ABSTENTION,,alias-ambiguous,0
0,public-019,0.0,1,commit_count,0.5,0,SCORED,0,alias-ambiguous,0
0,public-019,-0.18257418583505536,1,line_count,0.5076201641266119,0,SCORED,1,alias-ambiguous,0
0,public-019,-0.18257418583505536,1,token_count,0.5300324675324676,0,SCORED,1,alias-ambiguous,0
0,public-019,-0.5477225575051661,1,structural_no_origin,0.6534336118851178,0,SCORED,1,alias-ambiguous,0
0,public-019,-0.18257418583505536,0,entity_degree,0.5652173913043478,0,SCORED,1,alias-ambiguous,0
0,public-019,,0,rivet,,0,ABSTAIN_ORIGIN,,squash-without-origin,6
0,public-019,1.0,0,commit_count,0.14285714285714285,0,SCORED,0,squash-without-origin,6
0,public-019,0.3333333333333333,1,line_count,0.25791324736225085,0,SCORED,1,squash-without-origin,6
0,public-019,-0.3333333333333333,1,token_count,0.2774350649350649,0,SCORED,1,squash-without-origin,6
0,public-019,-1.0,1,structural_no_origin,0.47265859389906234,0,SCORED,1,squash-without-origin,6
0,public-019,1.0,0,entity_degree,0.27941176470588236,0,SCORED,0,squash-without-origin,6
1,public-020,1.0,1,rivet,0.0,1,CERTIFIED,0,split,0
1,public-020,1.0,0,commit_count,0.06818181818181818,0,SCORED,0,split,0
1,public-020,1.0,1,line_count,0.0,1,SCORED,0,split,0
1,public-020,1.0,1,token_count,0.0,1,SCORED,0,split,0
1,public-020,1.0,1,structural_no_origin,0.0,1,SCORED,0,split,0
1,public-020,1.0,1,entity_degree,0.0,1,SCORED,0,split,0
1,public-020,1.0,1,rivet,0.0,1,CERTIFIED,0,squash-certified,0
1,public-020,0.0,0,commit_count,0.5,0,SCORED,0,squash-certified,0
1,public-020,0.3333333333333333,1,line_count,0.1843137254901961,0,SCORED,0,squash-certified,0
1,public-020,0.3333333333333333,1,token_count,0.1369172616547669,0,SCORED,0,squash-certified,0
1,public-020,0.3333333333333333,1,structural_no_origin,0.18992068082169708,0,SCORED,0,squash-certified,0
1,public-020,0.3333333333333333,1,entity_degree,0.45454545454545453,0,SCORED,0,squash-certified,0
1,public-020,1.0,1,rivet,0.0,1,CERTIFIED,0,reorder-independent,0
1,public-020,1.0,1,commit_count,0.0,1,SCORED,0,reorder-independent,0
1,public-020,1.0,1,line_count,0.0,1,SCORED,0,reorder-independent,0
1,public-020,1.0,1,token_count,0.0,1,SCORED,0,reorder-independent,0
1,public-020,1.0,1,structural_no_origin,0.0,1,SCORED,0,reorder-independent,0
1,public-020,1.0,1,entity_degree,0.0,1,SCORED,0,reorder-independent,0
1,public-020,1.0,1,rivet,0.0,1,CERTIFIED,0,formatting,0
1,public-020,1.0,1,commit_count,0.0,1,SCORED,0,formatting,0
1,public-020,1.0,0,line_count,0.02654600301659125,0,SCORED,0,formatting,0
1,public-020,1.0,1,token_count,0.0,1,SCORED,0,formatting,0
1,public-020,1.0,1,structural_no_origin,0.0,1,SCORED,0,formatting,0
1,public-020,1.0,1,entity_degree,0.0,1,SCORED,0,formatting,0
1,public-020,1.0,1,rivet,0.0,1,CERTIFIED,0,empty-commit-padding,0
1,public-020,1.0,0,commit_count,0.0,0,SCORED,0,empty-commit-padding,0
1,public-020,1.0,1,line_count,0.0,1,SCORED,0,empty-commit-padding,0
1,public-020,1.0,1,token_count,0.0,1,SCORED,0,empty-commit-padding,0
1,public-020,1.0,1,structural_no_origin,0.0,1,SCORED,0,empty-commit-padding,0
1,public-020,1.0,1,entity_degree,0.0,1,SCORED,0,empty-commit-padding,0
1,public-020,1.0,1,rivet,0.0,1,CERTIFIED,0,file-move,0
1,public-020,1.0,1,commit_count,0.0,1,SCORED,0,file-move,0
1,public-020,1.0,1,line_count,0.0,1,SCORED,0,file-move,0
1,public-020,1.0,1,token_count,0.0,1,SCORED,0,file-move,0
1,public-020,1.0,1,structural_no_origin,0.0,1,SCORED,0,file-move,0
1,public-020,1.0,1,entity_degree,0.0,1,SCORED,0,file-move,0
1,public-020,1.0,1,rivet,0.0,1,CERTIFIED,0,event-map,0
1,public-020,1.0,1,commit_count,0.0,1,SCORED,0,event-map,0
1,public-020,1.0,1,line_count,0.0,1,SCORED,0,event-map,0
1,public-020,1.0,1,token_count,0.0,1,SCORED,0,event-map,0
1,public-020,1.0,1,structural_no_origin,0.0,1,SCORED,0,event-map,0
1,public-020,1.0,1,entity_degree,0.0,1,SCORED,0,event-map,0
1,public-020,1.0,1,rivet,0.0,1,CERTIFIED,0,alias-certified,0
1,public-020,-1.0,1,commit_count,0.75,0,SCORED,1,alias-certified,0
1,public-020,-0.5477225575051661,1,line_count,0.8470588235294118,0,SCORED,1,alias-certified,0
1,public-020,-0.9128709291752769,1,token_count,0.8920621587568248,0,SCORED,1,alias-certified,0
1,public-020,-0.5477225575051661,1,structural_no_origin,0.842898202530114,0,SCORED,1,alias-certified,0
1,public-020,-0.9128709291752769,0,entity_degree,0.75,0,SCORED,1,alias-certified,0
0,public-020,,1,rivet,,0,PARTIAL_ALIAS_ABSTENTION,,alias-ambiguous,0
0,public-020,-1.0,1,commit_count,0.75,0,SCORED,1,alias-ambiguous,0
0,public-020,-0.5477225575051661,1,line_count,0.8470588235294118,0,SCORED,1,alias-ambiguous,0
0,public-020,-0.9128709291752769,1,token_count,0.8920621587568248,0,SCORED,1,alias-ambiguous,0
0,public-020,-0.5477225575051661,1,structural_no_origin,0.842898202530114,0,SCORED,1,alias-ambiguous,0
0,public-020,-0.9128709291752769,0,entity_degree,0.75,0,SCORED,1,alias-ambiguous,0
0,public-020,,0,rivet,,0,ABSTAIN_ORIGIN,,squash-without-origin,3
0,public-020,0.8164965809277261,0,commit_count,0.14285714285714285,0,SCORED,0,squash-without-origin,3
0,public-020,-0.3333333333333333,1,line_count,0.7568627450980392,0,SCORED,1,squash-without-origin,3
0,public-020,-0.3333333333333333,1,token_count,0.8013439731205376,0,SCORED,1,squash-without-origin,3
0,public-020,-0.3333333333333333,1,structural_no_origin,0.8023460209444845,0,SCORED,1,squash-without-origin,3
0,public-020,0.3333333333333333,0,entity_degree,0.23076923076923078,0,SCORED,0,squash-without-origin,3
1,public-021,1.0,1,rivet,0.0,1,CERTIFIED,0,split,0
1,public-021,0.7071067811865476,0,commit_count,0.09722222222222222,0,SCORED,1,split,0
1,public-021,1.0,1,line_count,0.0,1,SCORED,0,split,0
1,public-021,1.0,1,token_count,0.0,1,SCORED,0,split,0
1,public-021,1.0,1,structural_no_origin,0.0,1,SCORED,0,split,0
1,public-021,1.0,1,entity_degree,0.0,1,SCORED,0,split,0
1,public-021,1.0,1,rivet,0.0,1,CERTIFIED,0,squash-certified,0
1,public-021,-0.6546536707079772,0,commit_count,1.0,0,SCORED,1,squash-certified,0
1,public-021,-0.5477225575051661,1,line_count,1.0,0,SCORED,1,squash-certified,0
1,public-021,-0.5345224838248488,1,token_count,1.0,0,SCORED,1,squash-certified,0
1,public-021,-0.5345224838248488,1,structural_no_origin,1.0,0,SCORED,1,squash-certified,0
1,public-021,-0.5940885257860046,0,entity_degree,1.0,0,SCORED,1,squash-certified,0
1,public-021,1.0,1,rivet,0.0,1,CERTIFIED,0,reorder-independent,0
1,public-021,1.0,1,commit_count,0.0,1,SCORED,0,reorder-independent,0
1,public-021,1.0,1,line_count,0.0,1,SCORED,0,reorder-independent,0
1,public-021,1.0,1,token_count,0.0,1,SCORED,0,reorder-independent,0
1,public-021,1.0,1,structural_no_origin,0.0,1,SCORED,0,reorder-independent,0
1,public-021,1.0,1,entity_degree,0.0,1,SCORED,0,reorder-independent,0
1,public-021,1.0,1,rivet,0.0,1,CERTIFIED,0,formatting,0
1,public-021,1.0,1,commit_count,0.0,1,SCORED,0,formatting,0
1,public-021,0.41403933560541256,0,line_count,0.15992939099735215,0,SCORED,0,formatting,0
1,public-021,1.0,1,token_count,0.0,1,SCORED,0,formatting,0
1,public-021,1.0,1,structural_no_origin,0.0,1,SCORED,0,formatting,0
1,public-021,1.0,1,entity_degree,0.0,1,SCORED,0,formatting,0
1,public-021,1.0,1,rivet,0.0,1,CERTIFIED,0,empty-commit-padding,0
1,public-021,1.0,0,commit_count,0.0,0,SCORED,0,empty-commit-padding,0
1,public-021,1.0,1,line_count,0.0,1,SCORED,0,empty-commit-padding,0
1,public-021,1.0,1,token_count,0.0,1,SCORED,0,empty-commit-padding,0
1,public-021,1.0,1,structural_no_origin,0.0,1,SCORED,0,empty-commit-padding,0
1,public-021,1.0,1,entity_degree,0.0,1,SCORED,0,empty-commit-padding,0
1,public-021,1.0,1,rivet,0.0,1,CERTIFIED,0,file-move,0
1,public-021,1.0,1,commit_count,0.0,1,SCORED,0,file-move,0
1,public-021,1.0,1,line_count,0.0,1,SCORED,0,file-move,0
1,public-021,1.0,1,token_count,0.0,1,SCORED,0,file-move,0
1,public-021,1.0,1,structural_no_origin,0.0,1,SCORED,0,file-move,0
1,public-021,1.0,1,entity_degree,0.0,1,SCORED,0,file-move,0
1,public-021,1.0,1,rivet,0.0,1,CERTIFIED,0,event-map,0
1,public-021,1.0,1,commit_count,0.0,1,SCORED,0,event-map,0
1,public-021,1.0,1,line_count,0.0,1,SCORED,0,event-map,0
1,public-021,1.0,1,token_count,0.0,1,SCORED,0,event-map,0
1,public-021,1.0,1,structural_no_origin,0.0,1,SCORED,0,event-map,0
1,public-021,1.0,1,entity_degree,0.0,1,SCORED,0,event-map,0
1,public-021,1.0,1,rivet,0.0,1,CERTIFIED,0,alias-certified,0
1,public-021,0.0,1,commit_count,0.25,0,SCORED,1,alias-certified,0
1,public-021,0.6275716324421889,1,line_count,0.13636363636363635,0,SCORED,0,alias-certified,0
1,public-021,0.2545875386086578,1,token_count,0.21772151898734177,0,SCORED,0,alias-certified,0
1,public-021,0.2545875386086578,1,structural_no_origin,0.1231779243193233,0,SCORED,0,alias-certified,0
1,public-021,0.31851102863530306,0,entity_degree,0.23076923076923078,0,SCORED,0,alias-certified,0
0,public-021,,1,rivet,,0,PARTIAL_ALIAS_ABSTENTION,,alias-ambiguous,0
0,public-021,0.0,1,commit_count,0.25,0,SCORED,1,alias-ambiguous,0
0,public-021,0.6275716324421889,1,line_count,0.13636363636363635,0,SCORED,0,alias-ambiguous,0
0,public-021,0.2545875386086578,1,token_count,0.21772151898734177,0,SCORED,0,alias-ambiguous,0
0,public-021,0.2545875386086578,1,structural_no_origin,0.1231779243193233,0,SCORED,0,alias-ambiguous,0
0,public-021,0.31851102863530306,0,entity_degree,0.23076923076923078,0,SCORED,0,alias-ambiguous,0
0,public-021,,0,rivet,,0,ABSTAIN_ORIGIN,,squash-without-origin,5
0,public-021,0.5345224838248488,0,commit_count,0.25,0,SCORED,0,squash-without-origin,5
0,public-021,-0.05,1,line_count,0.4727272727272727,0,SCORED,1,squash-without-origin,5
0,public-021,-0.29277002188455997,1,token_count,0.520253164556962,0,SCORED,1,squash-without-origin,5
0,public-021,-0.09759000729485333,1,structural_no_origin,0.6577205973202261,0,SCORED,1,squash-without-origin,5
0,public-021,-0.2286647801900118,1,entity_degree,0.5454545454545454,0,SCORED,1,squash-without-origin,5
1,public-022,1.0,1,rivet,0.0,1,CERTIFIED,0,split,0
1,public-022,1.0,0,commit_count,0.07954545454545454,0,SCORED,0,split,0
1,public-022,1.0,1,line_count,0.0,1,SCORED,0,split,0
1,public-022,1.0,1,token_count,0.0,1,SCORED,0,split,0
1,public-022,1.0,1,structural_no_origin,0.0,1,SCORED,0,split,0
1,public-022,1.0,1,entity_degree,0.0,1,SCORED,0,split,0
1,public-022,1.0,1,rivet,0.0,1,CERTIFIED,0,squash-certified,0
1,public-022,0.5477225575051661,0,commit_count,0.25,0,SCORED,0,squash-certified,0
1,public-022,0.3333333333333333,1,line_count,0.18141592920353983,0,SCORED,0,squash-certified,0
1,public-022,0.6666666666666666,1,token_count,0.14019562179785747,0,SCORED,0,squash-certified,0
1,public-022,-0.6666666666666666,1,structural_no_origin,0.4783800407090535,0,SCORED,1,squash-certified,0
1,public-022,-0.6666666666666666,1,entity_degree,0.4230769230769231,0,SCORED,1,squash-certified,0
1,public-022,1.0,1,rivet,0.0,1,CERTIFIED,0,reorder-independent,0
1,public-022,1.0,1,commit_count,0.0,1,SCORED,0,reorder-independent,0
1,public-022,1.0,1,line_count,0.0,1,SCORED,0,reorder-independent,0
1,public-022,1.0,1,token_count,0.0,1,SCORED,0,reorder-independent,0
1,public-022,1.0,1,structural_no_origin,0.0,1,SCORED,0,reorder-independent,0
1,public-022,1.0,1,entity_degree,0.0,1,SCORED,0,reorder-independent,0
1,public-022,1.0,1,rivet,0.0,1,CERTIFIED,0,formatting,0
1,public-022,1.0,1,commit_count,0.0,1,SCORED,0,formatting,0
1,public-022,1.0,0,line_count,0.07538272721400427,0,SCORED,0,formatting,0
1,public-022,1.0,1,token_count,0.0,1,SCORED,0,formatting,0
1,public-022,1.0,1,structural_no_origin,0.0,1,SCORED,0,formatting,0
1,public-022,1.0,1,entity_degree,0.0,1,SCORED,0,formatting,0
1,public-022,1.0,1,rivet,0.0,1,CERTIFIED,0,empty-commit-padding,0
1,public-022,1.0,0,commit_count,0.0,0,SCORED,0,empty-commit-padding,0
1,public-022,1.0,1,line_count,0.0,1,SCORED,0,empty-commit-padding,0
1,public-022,1.0,1,token_count,0.0,1,SCORED,0,empty-commit-padding,0
1,public-022,1.0,1,structural_no_origin,0.0,1,SCORED,0,empty-commit-padding,0
1,public-022,1.0,1,entity_degree,0.0,1,SCORED,0,empty-commit-padding,0
1,public-022,1.0,1,rivet,0.0,1,CERTIFIED,0,file-move,0
1,public-022,1.0,1,commit_count,0.0,1,SCORED,0,file-move,0
1,public-022,1.0,1,line_count,0.0,1,SCORED,0,file-move,0
1,public-022,1.0,1,token_count,0.0,1,SCORED,0,file-move,0
1,public-022,1.0,1,structural_no_origin,0.0,1,SCORED,0,file-move,0
1,public-022,1.0,1,entity_degree,0.0,1,SCORED,0,file-move,0
1,public-022,1.0,1,rivet,0.0,1,CERTIFIED,0,event-map,0
1,public-022,1.0,1,commit_count,0.0,1,SCORED,0,event-map,0
1,public-022,1.0,1,line_count,0.0,1,SCORED,0,event-map,0
1,public-022,1.0,1,token_count,0.0,1,SCORED,0,event-map,0
1,public-022,1.0,1,structural_no_origin,0.0,1,SCORED,0,event-map,0
1,public-022,1.0,1,entity_degree,0.0,1,SCORED,0,event-map,0
1,public-022,1.0,1,rivet,0.0,1,CERTIFIED,0,alias-certified,0
1,public-022,-0.6666666666666666,1,commit_count,0.625,0,SCORED,1,alias-certified,0
1,public-022,0.31622776601683794,1,line_count,0.19469026548672566,0,SCORED,0,alias-certified,0
1,public-022,0.10540925533894598,1,token_count,0.23148579413134607,0,SCORED,0,alias-certified,0
1,public-022,0.10540925533894598,1,structural_no_origin,0.284046062072527,0,SCORED,0,alias-certified,0
1,public-022,0.2222222222222222,0,entity_degree,0.40625,0,SCORED,0,alias-certified,0
0,public-022,,1,rivet,,0,PARTIAL_ALIAS_ABSTENTION,,alias-ambiguous,0
0,public-022,-0.6666666666666666,1,commit_count,0.625,0,SCORED,1,alias-ambiguous,0
0,public-022,0.31622776601683794,1,line_count,0.19469026548672566,0,SCORED,0,alias-ambiguous,0
0,public-022,0.10540925533894598,1,token_count,0.23148579413134607,0,SCORED,0,alias-ambiguous,0
0,public-022,0.10540925533894598,1,structural_no_origin,0.284046062072527,0,SCORED,0,alias-ambiguous,0
0,public-022,0.2222222222222222,0,entity_degree,0.40625,0,SCORED,0,alias-ambiguous,0
0,public-022,,0,rivet,,0,ABSTAIN_ORIGIN,,squash-without-origin,5
0,public-022,0.5477225575051661,0,commit_count,0.23214285714285715,0,SCORED,0,squash-without-origin,5
0,public-022,0.3333333333333333,1,line_count,0.2831858407079646,0,SCORED,0,squash-without-origin,5
0,public-022,0.3333333333333333,1,token_count,0.3148579413134606,0,SCORED,0,squash-without-origin,5
0,public-022,-0.6666666666666666,1,structural_no_origin,0.515768078008383,0,SCORED,1,squash-without-origin,5
0,public-022,-0.9128709291752769,0,entity_degree,0.4666666666666667,0,SCORED,1,squash-without-origin,5
1,public-023,1.0,1,rivet,0.0,1,CERTIFIED,0,split,0
1,public-023,0.0,0,commit_count,0.16666666666666666,0,SCORED,0,split,0
1,public-023,1.0,1,line_count,0.0,1,SCORED,0,split,0
1,public-023,1.0,1,token_count,0.0,1,SCORED,0,split,0
1,public-023,1.0,1,structural_no_origin,6.702961437204387e-20,1,SCORED,0,split,0
1,public-023,1.0,1,entity_degree,0.0,1,SCORED,0,split,0
1,public-023,1.0,1,rivet,0.0,1,CERTIFIED,0,squash-certified,0
1,public-023,1.0,0,commit_count,0.0,0,SCORED,0,squash-certified,0
1,public-023,1.0,1,line_count,0.0,1,SCORED,0,squash-certified,0
1,public-023,1.0,1,token_count,0.0,1,SCORED,0,squash-certified,0
1,public-023,1.0,1,structural_no_origin,0.0,1,SCORED,0,squash-certified,0
1,public-023,1.0,1,entity_degree,0.0,1,SCORED,0,squash-certified,0
1,public-023,1.0,1,rivet,0.0,1,CERTIFIED,0,reorder-independent,0
1,public-023,1.0,1,commit_count,0.0,1,SCORED,0,reorder-independent,0
1,public-023,1.0,1,line_count,0.0,1,SCORED,0,reorder-independent,0
1,public-023,1.0,1,token_count,0.0,1,SCORED,0,reorder-independent,0
1,public-023,1.0,1,structural_no_origin,0.0,1,SCORED,0,reorder-independent,0
1,public-023,1.0,1,entity_degree,0.0,1,SCORED,0,reorder-independent,0
1,public-023,1.0,1,rivet,0.0,1,CERTIFIED,0,formatting,0
1,public-023,1.0,1,commit_count,0.0,1,SCORED,0,formatting,0
1,public-023,1.0,0,line_count,0.008624553702530178,0,SCORED,0,formatting,0
1,public-023,1.0,1,token_count,0.0,1,SCORED,0,formatting,0
1,public-023,1.0,1,structural_no_origin,0.0,1,SCORED,0,formatting,0
1,public-023,1.0,1,entity_degree,0.0,1,SCORED,0,formatting,0
1,public-023,1.0,1,rivet,0.0,1,CERTIFIED,0,empty-commit-padding,0
1,public-023,1.0,0,commit_count,0.0,0,SCORED,0,empty-commit-padding,0
1,public-023,1.0,1,line_count,0.0,1,SCORED,0,empty-commit-padding,0
1,public-023,1.0,1,token_count,0.0,1,SCORED,0,empty-commit-padding,0
1,public-023,1.0,1,structural_no_origin,0.0,1,SCORED,0,empty-commit-padding,0
1,public-023,1.0,1,entity_degree,0.0,1,SCORED,0,empty-commit-padding,0
1,public-023,1.0,1,rivet,0.0,1,CERTIFIED,0,file-move,0
1,public-023,1.0,1,commit_count,0.0,1,SCORED,0,file-move,0
1,public-023,1.0,1,line_count,0.0,1,SCORED,0,file-move,0
1,public-023,1.0,1,token_count,0.0,1,SCORED,0,file-move,0
1,public-023,1.0,1,structural_no_origin,0.0,1,SCORED,0,file-move,0
1,public-023,1.0,1,entity_degree,0.0,1,SCORED,0,file-move,0
1,public-023,1.0,1,rivet,0.0,1,CERTIFIED,0,event-map,0
1,public-023,1.0,1,commit_count,0.0,1,SCORED,0,event-map,0
1,public-023,1.0,1,line_count,0.0,1,SCORED,0,event-map,0
1,public-023,1.0,1,token_count,0.0,1,SCORED,0,event-map,0
1,public-023,1.0,1,structural_no_origin,0.0,1,SCORED,0,event-map,0
1,public-023,1.0,1,entity_degree,0.0,1,SCORED,0,event-map,0
1,public-023,1.0,1,rivet,0.0,1,CERTIFIED,0,alias-certified,0
1,public-023,0.0,1,commit_count,0.5,0,SCORED,1,alias-certified,0
1,public-023,-0.9128709291752769,1,line_count,0.9880059970014993,0,SCORED,1,alias-certified,0
1,public-023,-0.9128709291752769,1,token_count,0.9908165668088224,0,SCORED,1,alias-certified,0
1,public-023,-0.9128709291752769,1,structural_no_origin,0.9997415425223531,0,SCORED,1,alias-certified,0
1,public-023,-0.9128709291752769,0,entity_degree,0.9787234042553191,0,SCORED,1,alias-certified,0
0,public-023,,1,rivet,,0,PARTIAL_ALIAS_ABSTENTION,,alias-ambiguous,0
0,public-023,0.0,1,commit_count,0.5,0,SCORED,1,alias-ambiguous,0
0,public-023,-0.9128709291752769,1,line_count,0.9880059970014993,0,SCORED,1,alias-ambiguous,0
0,public-023,-0.9128709291752769,1,token_count,0.9908165668088224,0,SCORED,1,alias-ambiguous,0
0,public-023,-0.9128709291752769,1,structural_no_origin,0.9997415425223531,0,SCORED,1,alias-ambiguous,0
0,public-023,-0.9128709291752769,0,entity_degree,0.9787234042553191,0,SCORED,1,alias-ambiguous,0
0,public-023,,0,rivet,,0,ABSTAIN_ORIGIN,,squash-without-origin,31
0,public-023,1.0,0,commit_count,0.14285714285714285,0,SCORED,0,squash-without-origin,31
0,public-023,-0.3333333333333333,1,line_count,0.6613568215892054,0,SCORED,1,squash-without-origin,31
0,public-023,-0.3333333333333333,1,token_count,0.6975746317469455,0,SCORED,1,squash-without-origin,31
0,public-023,0.3333333333333333,1,structural_no_origin,0.4601655857343163,0,SCORED,0,squash-without-origin,31
0,public-023,-0.3333333333333333,0,entity_degree,0.5650793650793651,0,SCORED,1,squash-without-origin,31
1,public-024,1.0,1,rivet,0.0,1,CERTIFIED,0,split,0
1,public-024,1.0,0,commit_count,0.0,0,SCORED,0,split,0
1,public-024,1.0,1,line_count,0.0,1,SCORED,0,split,0
1,public-024,1.0,1,token_count,0.0,1,SCORED,0,split,0
1,public-024,1.0,1,structural_no_origin,0.0,1,SCORED,0,split,0
1,public-024,1.0,1,entity_degree,0.0,1,SCORED,0,split,0
1,public-024,1.0,1,rivet,0.0,1,CERTIFIED,0,squash-certified,0
1,public-024,0.0,0,commit_count,0.5,0,SCORED,0,squash-certified,0
1,public-024,0.3333333333333333,1,line_count,0.4112808460634548,0,SCORED,0,squash-certified,0
1,public-024,0.3333333333333333,1,token_count,0.4932168741869541,0,SCORED,0,squash-certified,0
1,public-024,0.3333333333333333,1,structural_no_origin,0.45246186169762875,0,SCORED,0,squash-certified,0
1,public-024,-1.0,1,entity_degree,0.5909090909090909,0,SCORED,1,squash-certified,0
1,public-024,1.0,1,rivet,0.0,1,CERTIFIED,0,reorder-independent,0
1,public-024,1.0,1,commit_count,0.0,1,SCORED,0,reorder-independent,0
1,public-024,1.0,1,line_count,0.0,1,SCORED,0,reorder-independent,0
1,public-024,1.0,1,token_count,0.0,1,SCORED,0,reorder-independent,0
1,public-024,1.0,1,structural_no_origin,0.0,1,SCORED,0,reorder-independent,0
1,public-024,1.0,1,entity_degree,0.0,1,SCORED,0,reorder-independent,0
1,public-024,1.0,1,rivet,0.0,1,CERTIFIED,0,formatting,0
1,public-024,1.0,1,commit_count,0.0,1,SCORED,0,formatting,0
1,public-024,1.0,0,line_count,0.010036021973031294,0,SCORED,0,formatting,0
1,public-024,1.0,1,token_count,0.0,1,SCORED,0,formatting,0
1,public-024,1.0,1,structural_no_origin,0.0,1,SCORED,0,formatting,0
1,public-024,1.0,1,entity_degree,0.0,1,SCORED,0,formatting,0
1,public-024,1.0,1,rivet,0.0,1,CERTIFIED,0,empty-commit-padding,0
1,public-024,1.0,0,commit_count,0.0,0,SCORED,0,empty-commit-padding,0
1,public-024,1.0,1,line_count,0.0,1,SCORED,0,empty-commit-padding,0
1,public-024,1.0,1,token_count,0.0,1,SCORED,0,empty-commit-padding,0
1,public-024,1.0,1,structural_no_origin,0.0,1,SCORED,0,empty-commit-padding,0
1,public-024,1.0,1,entity_degree,0.0,1,SCORED,0,empty-commit-padding,0
1,public-024,1.0,1,rivet,0.0,1,CERTIFIED,0,file-move,0
1,public-024,1.0,1,commit_count,0.0,1,SCORED,0,file-move,0
1,public-024,1.0,1,line_count,0.0,1,SCORED,0,file-move,0
1,public-024,1.0,1,token_count,0.0,1,SCORED,0,file-move,0
1,public-024,1.0,1,structural_no_origin,0.0,1,SCORED,0,file-move,0
1,public-024,1.0,1,entity_degree,0.0,1,SCORED,0,file-move,0
1,public-024,1.0,1,rivet,0.0,1,CERTIFIED,0,event-map,0
1,public-024,1.0,1,commit_count,0.0,1,SCORED,0,event-map,0
1,public-024,1.0,1,line_count,0.0,1,SCORED,0,event-map,0
1,public-024,1.0,1,token_count,0.0,1,SCORED,0,event-map,0
1,public-024,1.0,1,structural_no_origin,0.0,1,SCORED,0,event-map,0
1,public-024,1.0,1,entity_degree,0.0,1,SCORED,0,event-map,0
1,public-024,1.0,1,rivet,0.0,1,CERTIFIED,0,alias-certified,0
1,public-024,-1.0,1,commit_count,0.75,0,SCORED,1,alias-certified,0
1,public-024,-0.5477225575051661,1,line_count,0.6509988249118684,0,SCORED,1,alias-certified,0
1,public-024,-0.5477225575051661,1,token_count,0.6417022858204795,0,SCORED,1,alias-certified,0
1,public-024,-0.5477225575051661,1,structural_no_origin,0.6087517115101895,0,SCORED,1,alias-certified,0
1,public-024,0.2,0,entity_degree,0.6,0,SCORED,0,alias-certified,0
0,public-024,,1,rivet,,0,PARTIAL_ALIAS_ABSTENTION,,alias-ambiguous,0
0,public-024,-1.0,1,commit_count,0.75,0,SCORED,1,alias-ambiguous,0
0,public-024,-0.5477225575051661,1,line_count,0.6509988249118684,0,SCORED,1,alias-ambiguous,0
0,public-024,-0.5477225575051661,1,token_count,0.6417022858204795,0,SCORED,1,alias-ambiguous,0
0,public-024,-0.5477225575051661,1,structural_no_origin,0.6087517115101895,0,SCORED,1,alias-ambiguous,0
0,public-024,0.2,0,entity_degree,0.6,0,SCORED,0,alias-ambiguous,0
0,public-024,,0,rivet,,0,ABSTAIN_ORIGIN,,squash-without-origin,8
0,public-024,0.8164965809277261,0,commit_count,0.14285714285714285,0,SCORED,0,squash-without-origin,8
0,public-024,0.3333333333333333,1,line_count,0.3301997649823737,0,SCORED,0,squash-without-origin,8
0,public-024,0.3333333333333333,1,token_count,0.3255900390262033,0,SCORED,0,squash-without-origin,8
0,public-024,0.3333333333333333,1,structural_no_origin,0.4082729297172118,0,SCORED,0,squash-without-origin,8
0,public-024,-1.0,0,entity_degree,0.5,0,SCORED,1,squash-without-origin,8
1,public-025,1.0,1,rivet,0.0,1,CERTIFIED,0,split,0
1,public-025,1.0,0,commit_count,0.03571428571428571,0,SCORED,0,split,0
1,public-025,1.0,1,line_count,0.0,1,SCORED,0,split,0
1,public-025,1.0,1,token_count,0.0,1,SCORED,0,split,0
1,public-025,1.0,1,structural_no_origin,4.7598473587207604e-17,1,SCORED,0,split,0
1,public-025,1.0,1,entity_degree,0.0,1,SCORED,0,split,0
1,public-025,1.0,1,rivet,0.0,1,CERTIFIED,0,squash-certified,0
1,public-025,0.0,0,commit_count,0.5,0,SCORED,0,squash-certified,0
1,public-025,0.3333333333333333,1,line_count,0.41285714285714287,0,SCORED,0,squash-certified,0
1,public-025,0.3333333333333333,1,token_count,0.43083723348933955,0,SCORED,0,squash-certified,0
1,public-025,0.3333333333333333,1,structural_no_origin,0.4489877145312211,0,SCORED,0,squash-certified,0
1,public-025,0.0,0,entity_degree,0.5,0,SCORED,0,squash-certified,0
1,public-025,1.0,1,rivet,0.0,1,CERTIFIED,0,reorder-independent,0
1,public-025,1.0,1,commit_count,0.0,1,SCORED,0,reorder-independent,0
1,public-025,1.0,1,line_count,0.0,1,SCORED,0,reorder-independent,0
1,public-025,1.0,1,token_count,0.0,1,SCORED,0,reorder-independent,0
1,public-025,1.0,1,structural_no_origin,0.0,1,SCORED,0,reorder-independent,0
1,public-025,1.0,1,entity_degree,0.0,1,SCORED,0,reorder-independent,0
1,public-025,1.0,1,rivet,0.0,1,CERTIFIED,0,formatting,0
1,public-025,1.0,1,commit_count,0.0,1,SCORED,0,formatting,0
1,public-025,1.0,0,line_count,0.012232591529073942,0,SCORED,0,formatting,0
1,public-025,1.0,1,token_count,0.0,1,SCORED,0,formatting,0
1,public-025,1.0,1,structural_no_origin,0.0,1,SCORED,0,formatting,0
1,public-025,1.0,1,entity_degree,0.0,1,SCORED,0,formatting,0
1,public-025,1.0,1,rivet,0.0,1,CERTIFIED,0,empty-commit-padding,0
1,public-025,1.0,0,commit_count,0.0,0,SCORED,0,empty-commit-padding,0
1,public-025,1.0,1,line_count,0.0,1,SCORED,0,empty-commit-padding,0
1,public-025,1.0,1,token_count,0.0,1,SCORED,0,empty-commit-padding,0
1,public-025,1.0,1,structural_no_origin,0.0,1,SCORED,0,empty-commit-padding,0
1,public-025,1.0,1,entity_degree,0.0,1,SCORED,0,empty-commit-padding,0
1,public-025,1.0,1,rivet,0.0,1,CERTIFIED,0,file-move,0
1,public-025,1.0,1,commit_count,0.0,1,SCORED,0,file-move,0
1,public-025,1.0,1,line_count,0.0,1,SCORED,0,file-move,0
1,public-025,1.0,1,token_count,0.0,1,SCORED,0,file-move,0
1,public-025,1.0,1,structural_no_origin,0.0,1,SCORED,0,file-move,0
1,public-025,1.0,1,entity_degree,0.0,1,SCORED,0,file-move,0
1,public-025,1.0,1,rivet,0.0,1,CERTIFIED,0,event-map,0
1,public-025,1.0,1,commit_count,0.0,1,SCORED,0,event-map,0
1,public-025,1.0,1,line_count,0.0,1,SCORED,0,event-map,0
1,public-025,1.0,1,token_count,0.0,1,SCORED,0,event-map,0
1,public-025,1.0,1,structural_no_origin,0.0,1,SCORED,0,event-map,0
1,public-025,1.0,1,entity_degree,0.0,1,SCORED,0,event-map,0
1,public-025,1.0,1,rivet,0.0,1,CERTIFIED,0,alias-certified,0
1,public-025,-1.0,1,commit_count,0.75,0,SCORED,1,alias-certified,0
1,public-025,-0.5477225575051661,1,line_count,0.6485714285714286,0,SCORED,1,alias-certified,0
1,public-025,-0.5477225575051661,1,token_count,0.640925637025481,0,SCORED,1,alias-certified,0
1,public-025,-0.18257418583505536,1,structural_no_origin,0.5924540552801196,0,SCORED,1,alias-certified,0
1,public-025,-0.5477225575051661,0,entity_degree,0.6842105263157895,0,SCORED,1,alias-certified,0
0,public-025,,1,rivet,,0,PARTIAL_ALIAS_ABSTENTION,,alias-ambiguous,0
0,public-025,-1.0,1,commit_count,0.75,0,SCORED,1,alias-ambiguous,0
0,public-025,-0.5477225575051661,1,line_count,0.6485714285714286,0,SCORED,1,alias-ambiguous,0
0,public-025,-0.5477225575051661,1,token_count,0.640925637025481,0,SCORED,1,alias-ambiguous,0
0,public-025,-0.18257418583505536,1,structural_no_origin,0.5924540552801196,0,SCORED,1,alias-ambiguous,0
0,public-025,-0.5477225575051661,0,entity_degree,0.6842105263157895,0,SCORED,1,alias-ambiguous,0
0,public-025,,0,rivet,,0,ABSTAIN_ORIGIN,,squash-without-origin,6
0,public-025,0.8164965809277261,0,commit_count,0.14285714285714285,0,SCORED,0,squash-without-origin,6
0,public-025,0.3333333333333333,1,line_count,0.3357142857142857,0,SCORED,0,squash-without-origin,6
0,public-025,0.3333333333333333,1,token_count,0.33931357254290173,0,SCORED,0,squash-without-origin,6
0,public-025,0.3333333333333333,1,structural_no_origin,0.3924634610324805,0,SCORED,0,squash-without-origin,6
0,public-025,0.0,0,entity_degree,0.4375,0,SCORED,0,squash-without-origin,6
1,public-026,1.0,1,rivet,0.0,1,CERTIFIED,0,split,0
1,public-026,0.7745966692414834,0,commit_count,0.075,0,SCORED,0,split,0
1,public-026,1.0,1,line_count,0.0,1,SCORED,0,split,0
1,public-026,1.0,1,token_count,0.0,1,SCORED,0,split,0
1,public-026,1.0,1,structural_no_origin,0.0,1,SCORED,0,split,0
1,public-026,1.0,1,entity_degree,0.0,1,SCORED,0,split,0
1,public-026,1.0,1,rivet,0.0,1,CERTIFIED,0,squash-certified,0
1,public-026,0.0,0,commit_count,0.5,0,SCORED,0,squash-certified,0
1,public-026,-0.11952286093343936,1,line_count,0.6625,0,SCORED,1,squash-certified,0
1,public-026,-0.11952286093343936,1,token_count,0.7179627601314348,0,SCORED,1,squash-certified,0
1,public-026,-0.35856858280031806,1,structural_no_origin,0.8253378975918336,0,SCORED,1,squash-certified,0
1,public-026,-0.35856858280031806,1,entity_degree,0.7,0,SCORED,1,squash-certified,0
1,public-026,1.0,1,rivet,0.0,1,CERTIFIED,0,reorder-independent,0
1,public-026,1.0,1,commit_count,0.0,1,SCORED,0,reorder-independent,0
1,public-026,1.0,1,line_count,0.0,1,SCORED,0,reorder-independent,0
1,public-026,1.0,1,token_count,0.0,1,SCORED,0,reorder-independent,0
1,public-026,1.0,1,structural_no_origin,0.0,1,SCORED,0,reorder-independent,0
1,public-026,1.0,1,entity_degree,0.0,1,SCORED,0,reorder-independent,0
1,public-026,1.0,1,rivet,0.0,1,CERTIFIED,0,formatting,0
1,public-026,1.0,1,commit_count,0.0,1,SCORED,0,formatting,0
1,public-026,1.0,0,line_count,0.07265625,0,SCORED,0,formatting,0
1,public-026,1.0,1,token_count,0.0,1,SCORED,0,formatting,0
1,public-026,1.0,1,structural_no_origin,0.0,1,SCORED,0,formatting,0
1,public-026,1.0,1,entity_degree,0.0,1,SCORED,0,formatting,0
1,public-026,1.0,1,rivet,0.0,1,CERTIFIED,0,empty-commit-padding,0
1,public-026,1.0,0,commit_count,0.0,0,SCORED,0,empty-commit-padding,0
1,public-026,1.0,1,line_count,0.0,1,SCORED,0,empty-commit-padding,0
1,public-026,1.0,1,token_count,0.0,1,SCORED,0,empty-commit-padding,0
1,public-026,1.0,1,structural_no_origin,0.0,1,SCORED,0,empty-commit-padding,0
1,public-026,1.0,1,entity_degree,0.0,1,SCORED,0,empty-commit-padding,0
1,public-026,1.0,1,rivet,0.0,1,CERTIFIED,0,file-move,0
1,public-026,1.0,1,commit_count,0.0,1,SCORED,0,file-move,0
1,public-026,1.0,1,line_count,0.0,1,SCORED,0,file-move,0
1,public-026,1.0,1,token_count,0.0,1,SCORED,0,file-move,0
1,public-026,1.0,1,structural_no_origin,0.0,1,SCORED,0,file-move,0
1,public-026,1.0,1,entity_degree,0.0,1,SCORED,0,file-move,0
1,public-026,1.0,1,rivet,0.0,1,CERTIFIED,0,event-map,0
1,public-026,1.0,1,commit_count,0.0,1,SCORED,0,event-map,0
1,public-026,1.0,1,line_count,0.0,1,SCORED,0,event-map,0
1,public-026,1.0,1,token_count,0.0,1,SCORED,0,event-map,0
1,public-026,1.0,1,structural_no_origin,0.0,1,SCORED,0,event-map,0
1,public-026,1.0,1,entity_degree,0.0,1,SCORED,0,event-map,0
1,public-026,1.0,1,rivet,0.0,1,CERTIFIED,0,alias-certified,0
1,public-026,-0.9574271077563381,1,commit_count,0.625,0,SCORED,1,alias-certified,0
1,public-026,-0.41403933560541256,1,line_count,0.48125,0,SCORED,1,alias-certified,0
1,public-026,-0.2760262237369417,1,token_count,0.3849945235487404,0,SCORED,1,alias-certified,0
1,public-026,0.0,1,structural_no_origin,0.32916403223983276,0,SCORED,0,alias-certified,0
1,public-026,-0.14285714285714285,0,entity_degree,0.5,0,SCORED,0,alias-certified,0
0,public-026,,1,rivet,,0,PARTIAL_ALIAS_ABSTENTION,,alias-ambiguous,0
0,public-026,-0.9574271077563381,1,commit_count,0.625,0,SCORED,1,alias-ambiguous,0
0,public-026,-0.41403933560541256,1,line_count,0.48125,0,SCORED,1,alias-ambiguous,0
0,public-026,-0.2760262237369417,1,token_count,0.3849945235487404,0,SCORED,1,alias-ambiguous,0
0,public-026,0.0,1,structural_no_origin,0.32916403223983276,0,SCORED,0,alias-ambiguous,0
0,public-026,-0.14285714285714285,0,entity_degree,0.5,0,SCORED,0,alias-ambiguous,0
0,public-026,,0,rivet,,0,ABSTAIN_ORIGIN,,squash-without-origin,5
0,public-026,0.42857142857142855,0,commit_count,0.17857142857142858,0,SCORED,0,squash-without-origin,5
0,public-026,-0.2,1,line_count,0.39375,0,SCORED,1,squash-without-origin,5
0,public-026,0.2,1,token_count,0.27437020810514784,0,SCORED,1,squash-without-origin,5
0,public-026,0.2,1,structural_no_origin,0.2706953701507615,0,SCORED,0,squash-without-origin,5
0,public-026,-0.4,1,entity_degree,0.45,0,SCORED,1,squash-without-origin,5
1,public-027,1.0,1,rivet,0.0,1,CERTIFIED,0,split,0
1,public-027,1.0,1,commit_count,0.0,1,SCORED,0,split,0
1,public-027,1.0,1,line_count,0.0,1,SCORED,0,split,0
1,public-027,1.0,1,token_count,0.0,1,SCORED,0,split,0
1,public-027,1.0,1,structural_no_origin,0.0,1,SCORED,0,split,0
1,public-027,1.0,1,entity_degree,0.0,1,SCORED,0,split,0
1,public-027,1.0,1,rivet,0.0,1,CERTIFIED,0,squash-certified,0
1,public-027,0.47140452079103173,0,commit_count,0.25,0,SCORED,0,squash-certified,0
1,public-027,0.4472135954999579,1,line_count,0.20382165605095542,0,SCORED,0,squash-certified,0
1,public-027,0.10540925533894598,1,token_count,0.25541795665634676,0,SCORED,0,squash-certified,0
1,public-027,0.5270462766947299,1,structural_no_origin,0.036960536058403916,0,SCORED,0,squash-certified,0
1,public-027,0.2222222222222222,1,entity_degree,0.35714285714285715,0,SCORED,0,squash-certified,0
1,public-027,1.0,1,rivet,0.0,1,CERTIFIED,0,reorder-independent,0
1,public-027,1.0,1,commit_count,0.0,1,SCORED,0,reorder-independent,0
1,public-027,1.0,1,line_count,0.0,1,SCORED,0,reorder-independent,0
1,public-027,1.0,1,token_count,0.0,1,SCORED,0,reorder-independent,0
1,public-027,1.0,1,structural_no_origin,0.0,1,SCORED,0,reorder-independent,0
1,public-027,1.0,1,entity_degree,0.0,1,SCORED,0,reorder-independent,0
1,public-027,1.0,1,rivet,0.0,1,CERTIFIED,0,formatting,0
1,public-027,1.0,1,commit_count,0.0,1,SCORED,0,formatting,0
1,public-027,1.0,0,line_count,0.14531356209561694,0,SCORED,0,formatting,0
1,public-027,1.0,1,token_count,0.0,1,SCORED,0,formatting,0
1,public-027,1.0,1,structural_no_origin,0.0,1,SCORED,0,formatting,0
1,public-027,1.0,1,entity_degree,0.0,1,SCORED,0,formatting,0
1,public-027,1.0,1,rivet,0.0,1,CERTIFIED,0,empty-commit-padding,0
1,public-027,1.0,0,commit_count,0.0,0,SCORED,0,empty-commit-padding,0
1,public-027,1.0,1,line_count,0.0,1,SCORED,0,empty-commit-padding,0
1,public-027,1.0,1,token_count,0.0,1,SCORED,0,empty-commit-padding,0
1,public-027,1.0,1,structural_no_origin,0.0,1,SCORED,0,empty-commit-padding,0
1,public-027,1.0,1,entity_degree,0.0,1,SCORED,0,empty-commit-padding,0
1,public-027,1.0,1,rivet,0.0,1,CERTIFIED,0,file-move,0
1,public-027,1.0,1,commit_count,0.0,1,SCORED,0,file-move,0
1,public-027,1.0,1,line_count,0.0,1,SCORED,0,file-move,0
1,public-027,1.0,1,token_count,0.0,1,SCORED,0,file-move,0
1,public-027,1.0,1,structural_no_origin,0.0,1,SCORED,0,file-move,0
1,public-027,1.0,1,entity_degree,0.0,1,SCORED,0,file-move,0
1,public-027,1.0,1,rivet,0.0,1,CERTIFIED,0,event-map,0
1,public-027,1.0,1,commit_count,0.0,1,SCORED,0,event-map,0
1,public-027,1.0,1,line_count,0.0,1,SCORED,0,event-map,0
1,public-027,1.0,1,token_count,0.0,1,SCORED,0,event-map,0
1,public-027,1.0,1,structural_no_origin,0.0,1,SCORED,0,event-map,0
1,public-027,1.0,1,entity_degree,0.0,1,SCORED,0,event-map,0
1,public-027,1.0,1,rivet,0.0,1,CERTIFIED,0,alias-certified,0
1,public-027,0.09245003270420485,1,commit_count,0.25,0,SCORED,0,alias-certified,0
1,public-027,-0.41403933560541256,1,line_count,0.5923566878980892,0,SCORED,1,alias-certified,0
1,public-027,-0.5520524474738834,1,token_count,0.5371517027863777,0,SCORED,1,alias-certified,0
1,public-027,-0.5520524474738834,1,structural_no_origin,0.6939122902789782,0,SCORED,1,alias-certified,0
1,public-027,-0.4622501635210242,1,entity_degree,0.42857142857142855,0,SCORED,1,alias-certified,0
0,public-027,,1,rivet,,0,PARTIAL_ALIAS_ABSTENTION,,alias-ambiguous,0
0,public-027,0.09245003270420485,1,commit_count,0.25,0,SCORED,0,alias-ambiguous,0
0,public-027,-0.41403933560541256,1,line_count,0.5923566878980892,0,SCORED,1,alias-ambiguous,0
0,public-027,-0.5520524474738834,1,token_count,0.5371517027863777,0,SCORED,1,alias-ambiguous,0
0,public-027,-0.5520524474738834,1,structural_no_origin,0.6939122902789782,0,SCORED,1,alias-ambiguous,0
0,public-027,-0.4622501635210242,1,entity_degree,0.42857142857142855,0,SCORED,1,alias-ambiguous,0
0,public-027,,0,rivet,,0,ABSTAIN_ORIGIN,,squash-without-origin,2
0,public-027,0.5555555555555556,0,commit_count,0.25,0,SCORED,0,squash-without-origin,2
0,public-027,0.4472135954999579,1,line_count,0.20382165605095542,0,SCORED,0,squash-without-origin,2
0,public-027,0.10540925533894598,1,token_count,0.25541795665634676,0,SCORED,0,squash-without-origin,2
0,public-027,0.5270462766947299,1,structural_no_origin,0.036960536058403916,0,SCORED,0,squash-without-origin,2
0,public-027,0.2222222222222222,1,entity_degree,0.35714285714285715,0,SCORED,0,squash-without-origin,2
1,public-028,1.0,1,rivet,0.0,1,CERTIFIED,0,split,0
1,public-028,1.0,0,commit_count,0.017857142857142856,0,SCORED,0,split,0
1,public-028,1.0,1,line_count,0.0,1,SCORED,0,split,0
1,public-028,1.0,1,token_count,0.0,1,SCORED,0,split,0
1,public-028,1.0,1,structural_no_origin,0.0,1,SCORED,0,split,0
1,public-028,1.0,1,entity_degree,0.0,1,SCORED,0,split,0
1,public-028,1.0,1,rivet,0.0,1,CERTIFIED,0,squash-certified,0
1,public-028,0.3333333333333333,0,commit_count,0.25,0,SCORED,0,squash-certified,0
1,public-028,-0.3333333333333333,1,line_count,0.5543071161048689,0,SCORED,1,squash-certified,0
1,public-028,0.3333333333333333,1,token_count,0.47110091743119265,0,SCORED,0,squash-certified,0
1,public-028,-1.0,1,structural_no_origin,0.8417478734401218,0,SCORED,1,squash-certified,0
1,public-028,0.0,0,entity_degree,0.5,0,SCORED,0,squash-certified,0
1,public-028,1.0,1,rivet,0.0,1,CERTIFIED,0,reorder-independent,0
1,public-028,1.0,1,commit_count,0.0,1,SCORED,0,reorder-independent,0
1,public-028,1.0,1,line_count,0.0,1,SCORED,0,reorder-independent,0
1,public-028,1.0,1,token_count,0.0,1,SCORED,0,reorder-independent,0
1,public-028,1.0,1,structural_no_origin,0.0,1,SCORED,0,reorder-independent,0
1,public-028,1.0,1,entity_degree,0.0,1,SCORED,0,reorder-independent,0
1,public-028,1.0,1,rivet,0.0,1,CERTIFIED,0,formatting,0
1,public-028,1.0,1,commit_count,0.0,1,SCORED,0,formatting,0
1,public-028,1.0,0,line_count,0.09570681276503544,0,SCORED,0,formatting,0
1,public-028,1.0,1,token_count,0.0,1,SCORED,0,formatting,0
1,public-028,1.0,1,structural_no_origin,0.0,1,SCORED,0,formatting,0
1,public-028,1.0,1,entity_degree,0.0,1,SCORED,0,formatting,0
1,public-028,1.0,1,rivet,0.0,1,CERTIFIED,0,empty-commit-padding,0
1,public-028,1.0,0,commit_count,0.0,0,SCORED,0,empty-commit-padding,0
1,public-028,1.0,1,line_count,0.0,1,SCORED,0,empty-commit-padding,0
1,public-028,1.0,1,token_count,0.0,1,SCORED,0,empty-commit-padding,0
1,public-028,1.0,1,structural_no_origin,0.0,1,SCORED,0,empty-commit-padding,0
1,public-028,1.0,1,entity_degree,0.0,1,SCORED,0,empty-commit-padding,0
1,public-028,1.0,1,rivet,0.0,1,CERTIFIED,0,file-move,0
1,public-028,1.0,1,commit_count,0.0,1,SCORED,0,file-move,0
1,public-028,1.0,1,line_count,0.0,1,SCORED,0,file-move,0
1,public-028,1.0,1,token_count,0.0,1,SCORED,0,file-move,0
1,public-028,1.0,1,structural_no_origin,0.0,1,SCORED,0,file-move,0
1,public-028,1.0,1,entity_degree,0.0,1,SCORED,0,file-move,0
1,public-028,1.0,1,rivet,0.0,1,CERTIFIED,0,event-map,0
1,public-028,1.0,1,commit_count,0.0,1,SCORED,0,event-map,0
1,public-028,1.0,1,line_count,0.0,1,SCORED,0,event-map,0
1,public-028,1.0,1,token_count,0.0,1,SCORED,0,event-map,0
1,public-028,1.0,1,structural_no_origin,0.0,1,SCORED,0,event-map,0
1,public-028,1.0,1,entity_degree,0.0,1,SCORED,0,event-map,0
1,public-028,1.0,1,rivet,0.0,1,CERTIFIED,0,alias-certified,0
1,public-028,-0.9128709291752769,1,commit_count,0.875,0,SCORED,1,alias-certified,0
1,public-028,-0.18257418583505536,1,line_count,0.5131086142322098,0,SCORED,1,alias-certified,0
1,public-028,-0.5477225575051661,1,token_count,0.6197247706422019,0,SCORED,1,alias-certified,0
1,public-028,0.18257418583505536,1,structural_no_origin,0.2158851263433643,0,SCORED,0,alias-certified,0
1,public-028,-0.18257418583505536,0,entity_degree,0.6190476190476191,0,SCORED,1,alias-certified,0
0,public-028,,1,rivet,,0,PARTIAL_ALIAS_ABSTENTION,,alias-ambiguous,0
0,public-028,-0.9128709291752769,1,commit_count,0.875,0,SCORED,1,alias-ambiguous,0
0,public-028,-0.18257418583505536,1,line_count,0.5131086142322098,0,SCORED,1,alias-ambiguous,0
0,public-028,-0.5477225575051661,1,token_count,0.6197247706422019,0,SCORED,1,alias-ambiguous,0
0,public-028,0.18257418583505536,1,structural_no_origin,0.2158851263433643,0,SCORED,0,alias-ambiguous,0
0,public-028,-0.18257418583505536,0,entity_degree,0.6190476190476191,0,SCORED,1,alias-ambiguous,0
0,public-028,,0,rivet,,0,ABSTAIN_ORIGIN,,squash-without-origin,8
0,public-028,0.3333333333333333,0,commit_count,0.14285714285714285,0,SCORED,0,squash-without-origin,8
0,public-028,-0.3333333333333333,1,line_count,0.5543071161048689,0,SCORED,1,squash-without-origin,8
0,public-028,0.3333333333333333,1,token_count,0.47110091743119265,0,SCORED,0,squash-without-origin,8
0,public-028,-1.0,1,structural_no_origin,0.8417478734401218,0,SCORED,1,squash-without-origin,8
0,public-028,0.0,0,entity_degree,0.5,0,SCORED,0,squash-without-origin,8
1,public-029,1.0,1,rivet,0.0,1,CERTIFIED,0,split,0
1,public-029,0.8164965809277261,0,commit_count,0.075,0,SCORED,0,split,0
1,public-029,1.0,1,line_count,0.0,1,SCORED,0,split,0
1,public-029,1.0,1,token_count,0.0,1,SCORED,0,split,0
1,public-029,1.0,1,structural_no_origin,0.0,1,SCORED,0,split,0
1,public-029,1.0,1,entity_degree,0.0,1,SCORED,0,split,0
1,public-029,1.0,1,rivet,0.0,1,CERTIFIED,0,squash-certified,0
1,public-029,0.0,0,commit_count,0.5,0,SCORED,0,squash-certified,0
1,public-029,0.18257418583505536,1,line_count,0.39545454545454545,0,SCORED,0,squash-certified,0
1,public-029,0.18257418583505536,1,token_count,0.4216133942161339,0,SCORED,0,squash-certified,0
1,public-029,-0.5477225575051661,1,structural_no_origin,0.732585316476764,0,SCORED,1,squash-certified,0
1,public-029,-0.5477225575051661,0,entity_degree,0.6666666666666666,0,SCORED,1,squash-certified,0
1,public-029,1.0,1,rivet,0.0,1,CERTIFIED,0,reorder-independent,0
1,public-029,1.0,1,commit_count,0.0,1,SCORED,0,reorder-independent,0
1,public-029,1.0,1,line_count,0.0,1,SCORED,0,reorder-independent,0
1,public-029,1.0,1,token_count,0.0,1,SCORED,0,reorder-independent,0
1,public-029,1.0,1,structural_no_origin,0.0,1,SCORED,0,reorder-independent,0
1,public-029,1.0,1,entity_degree,0.0,1,SCORED,0,reorder-independent,0
1,public-029,1.0,1,rivet,0.0,1,CERTIFIED,0,formatting,0
1,public-029,1.0,1,commit_count,0.0,1,SCORED,0,formatting,0
1,public-029,1.0,0,line_count,0.06835443037974684,0,SCORED,0,formatting,0
1,public-029,1.0,1,token_count,0.0,1,SCORED,0,formatting,0
1,public-029,1.0,1,structural_no_origin,0.0,1,SCORED,0,formatting,0
1,public-029,1.0,1,entity_degree,0.0,1,SCORED,0,formatting,0
1,public-029,1.0,1,rivet,0.0,1,CERTIFIED,0,empty-commit-padding,0
1,public-029,1.0,0,commit_count,0.0,0,SCORED,0,empty-commit-padding,0
1,public-029,1.0,1,line_count,0.0,1,SCORED,0,empty-commit-padding,0
1,public-029,1.0,1,token_count,0.0,1,SCORED,0,empty-commit-padding,0
1,public-029,1.0,1,structural_no_origin,0.0,1,SCORED,0,empty-commit-padding,0
1,public-029,1.0,1,entity_degree,0.0,1,SCORED,0,empty-commit-padding,0
1,public-029,1.0,1,rivet,0.0,1,CERTIFIED,0,file-move,0
1,public-029,1.0,1,commit_count,0.0,1,SCORED,0,file-move,0
1,public-029,1.0,1,line_count,0.0,1,SCORED,0,file-move,0
1,public-029,1.0,1,token_count,0.0,1,SCORED,0,file-move,0
1,public-029,1.0,1,structural_no_origin,0.0,1,SCORED,0,file-move,0
1,public-029,1.0,1,entity_degree,0.0,1,SCORED,0,file-move,0
1,public-029,1.0,1,rivet,0.0,1,CERTIFIED,0,event-map,0
1,public-029,1.0,1,commit_count,0.0,1,SCORED,0,event-map,0
1,public-029,1.0,1,line_count,0.0,1,SCORED,0,event-map,0
1,public-029,1.0,1,token_count,0.0,1,SCORED,0,event-map,0
1,public-029,1.0,1,structural_no_origin,0.0,1,SCORED,0,event-map,0
1,public-029,1.0,1,entity_degree,0.0,1,SCORED,0,event-map,0
1,public-029,1.0,1,rivet,0.0,1,CERTIFIED,0,alias-certified,0
1,public-029,-0.9428090415820635,1,commit_count,0.75,0,SCORED,1,alias-certified,0
1,public-029,-0.5270462766947299,1,line_count,0.6409090909090909,0,SCORED,1,alias-certified,0
1,public-029,-0.5270462766947299,1,token_count,0.6210045662100456,0,SCORED,1,alias-certified,0
1,public-029,-0.10540925533894598,1,structural_no_origin,0.28933317225893923,0,SCORED,0,alias-certified,0
1,public-029,-0.10540925533894598,0,entity_degree,0.4583333333333333,0,SCORED,0,alias-certified,0
0,public-029,,1,rivet,,0,PARTIAL_ALIAS_ABSTENTION,,alias-ambiguous,0
0,public-029,-0.9428090415820635,1,commit_count,0.75,0,SCORED,1,alias-ambiguous,0
0,public-029,-0.5270462766947299,1,line_count,0.6409090909090909,0,SCORED,1,alias-ambiguous,0
0,public-029,-0.5270462766947299,1,token_count,0.6210045662100456,0,SCORED,1,alias-ambiguous,0
0,public-029,-0.10540925533894598,1,structural_no_origin,0.28933317225893923,0,SCORED,0,alias-ambiguous,0
0,public-029,-0.10540925533894598,0,entity_degree,0.4583333333333333,0,SCORED,0,alias-ambiguous,0
0,public-029,,0,rivet,,0,ABSTAIN_ORIGIN,,squash-without-origin,4
0,public-029,0.2,0,commit_count,0.25,0,SCORED,0,squash-without-origin,4
0,public-029,0.18257418583505536,1,line_count,0.35909090909090907,0,SCORED,0,squash-without-origin,4
0,public-029,0.18257418583505536,1,token_count,0.3789954337899543,0,SCORED,0,squash-without-origin,4
0,public-029,-0.5477225575051661,1,structural_no_origin,0.7106668277410608,0,SCORED,1,squash-without-origin,4
0,public-029,-0.5477225575051661,0,entity_degree,0.6666666666666666,0,SCORED,1,squash-without-origin,4
1,public-030,1.0,1,rivet,0.0,1,CERTIFIED,0,split,0
1,public-030,0.8164965809277261,0,commit_count,0.10714285714285714,0,SCORED,0,split,0
1,public-030,1.0,1,line_count,0.0,1,SCORED,0,split,0
1,public-030,1.0,1,token_count,0.0,1,SCORED,0,split,0
1,public-030,1.0,1,structural_no_origin,4.107956073755479e-18,1,SCORED,0,split,0
1,public-030,1.0,1,entity_degree,0.0,1,SCORED,0,split,0
1,public-030,1.0,1,rivet,0.0,1,CERTIFIED,0,squash-certified,0
1,public-030,1.0,0,commit_count,0.0,0,SCORED,0,squash-certified,0
1,public-030,1.0,1,line_count,0.0,1,SCORED,0,squash-certified,0
1,public-030,1.0,1,token_count,0.0,1,SCORED,0,squash-certified,0
1,public-030,1.0,1,structural_no_origin,0.0,1,SCORED,0,squash-certified,0
1,public-030,1.0,1,entity_degree,0.0,1,SCORED,0,squash-certified,0
1,public-030,1.0,1,rivet,0.0,1,CERTIFIED,0,reorder-independent,0
1,public-030,1.0,1,commit_count,0.0,1,SCORED,0,reorder-independent,0
1,public-030,1.0,1,line_count,0.0,1,SCORED,0,reorder-independent,0
1,public-030,1.0,1,token_count,0.0,1,SCORED,0,reorder-independent,0
1,public-030,1.0,1,structural_no_origin,0.0,1,SCORED,0,reorder-independent,0
1,public-030,1.0,1,entity_degree,0.0,1,SCORED,0,reorder-independent,0
1,public-030,1.0,1,rivet,0.0,1,CERTIFIED,0,formatting,0
1,public-030,1.0,1,commit_count,0.0,1,SCORED,0,formatting,0
1,public-030,1.0,0,line_count,0.005651878724949649,0,SCORED,0,formatting,0
1,public-030,1.0,1,token_count,0.0,1,SCORED,0,formatting,0
1,public-030,1.0,1,structural_no_origin,0.0,1,SCORED,0,formatting,0
1,public-030,1.0,1,entity_degree,0.0,1,SCORED,0,formatting,0
1,public-030,1.0,1,rivet,0.0,1,CERTIFIED,0,empty-commit-padding,0
1,public-030,1.0,0,commit_count,0.0,0,SCORED,0,empty-commit-padding,0
1,public-030,1.0,1,line_count,0.0,1,SCORED,0,empty-commit-padding,0
1,public-030,1.0,1,token_count,0.0,1,SCORED,0,empty-commit-padding,0
1,public-030,1.0,1,structural_no_origin,0.0,1,SCORED,0,empty-commit-padding,0
1,public-030,1.0,1,entity_degree,0.0,1,SCORED,0,empty-commit-padding,0
1,public-030,1.0,1,rivet,0.0,1,CERTIFIED,0,file-move,0
1,public-030,1.0,1,commit_count,0.0,1,SCORED,0,file-move,0
1,public-030,1.0,1,line_count,0.0,1,SCORED,0,file-move,0
1,public-030,1.0,1,token_count,0.0,1,SCORED,0,file-move,0
1,public-030,1.0,1,structural_no_origin,0.0,1,SCORED,0,file-move,0
1,public-030,1.0,1,entity_degree,0.0,1,SCORED,0,file-move,0
1,public-030,1.0,1,rivet,0.0,1,CERTIFIED,0,event-map,0
1,public-030,1.0,1,commit_count,0.0,1,SCORED,0,event-map,0
1,public-030,1.0,1,line_count,0.0,1,SCORED,0,event-map,0
1,public-030,1.0,1,token_count,0.0,1,SCORED,0,event-map,0
1,public-030,1.0,1,structural_no_origin,0.0,1,SCORED,0,event-map,0
1,public-030,1.0,1,entity_degree,0.0,1,SCORED,0,event-map,0
1,public-030,1.0,1,rivet,0.0,1,CERTIFIED,0,alias-certified,0
1,public-030,-0.7071067811865475,1,commit_count,0.5,0,SCORED,1,alias-certified,0
1,public-030,-0.7378647873726218,1,line_count,0.9856494541886422,0,SCORED,1,alias-certified,0
1,public-030,-0.5270462766947299,1,token_count,0.9758921014552107,0,SCORED,1,alias-certified,0
1,public-030,-0.5270462766947299,1,structural_no_origin,0.9852994564926095,0,SCORED,1,alias-certified,0
1,public-030,-0.7378647873726218,0,entity_degree,0.8163265306122449,0,SCORED,1,alias-certified,0
0,public-030,,1,rivet,,0,PARTIAL_ALIAS_ABSTENTION,,alias-ambiguous,0
0,public-030,-0.7071067811865475,1,commit_count,0.5,0,SCORED,1,alias-ambiguous,0
0,public-030,-0.7378647873726218,1,line_count,0.9856494541886422,0,SCORED,1,alias-ambiguous,0
0,public-030,-0.5270462766947299,1,token_count,0.9758921014552107,0,SCORED,1,alias-ambiguous,0
0,public-030,-0.5270462766947299,1,structural_no_origin,0.9852994564926095,0,SCORED,1,alias-ambiguous,0
0,public-030,-0.7378647873726218,0,entity_degree,0.8163265306122449,0,SCORED,1,alias-ambiguous,0
0,public-030,,0,rivet,,0,ABSTAIN_ORIGIN,,squash-without-origin,3
0,public-030,0.7745966692414834,0,commit_count,0.21428571428571427,0,SCORED,0,squash-without-origin,3
0,public-030,0.3333333333333333,1,line_count,0.013124003434318656,0,SCORED,0,squash-without-origin,3
0,public-030,0.3333333333333333,1,token_count,0.019957954514429246,0,SCORED,0,squash-without-origin,3
0,public-030,0.0,1,structural_no_origin,0.012781341059939735,0,SCORED,0,squash-without-origin,3
0,public-030,0.3333333333333333,0,entity_degree,0.10975609756097561,0,SCORED,0,squash-without-origin,3
1,public-031,1.0,1,rivet,0.0,1,CERTIFIED,0,split,0
1,public-031,0.7745966692414834,0,commit_count,0.075,0,SCORED,0,split,0
1,public-031,1.0,1,line_count,0.0,1,SCORED,0,split,0
1,public-031,1.0,1,token_count,0.0,1,SCORED,0,split,0
1,public-031,1.0,1,structural_no_origin,0.0,1,SCORED,0,split,0
1,public-031,1.0,1,entity_degree,0.0,1,SCORED,0,split,0
1,public-031,1.0,1,rivet,0.0,1,CERTIFIED,0,squash-certified,0
1,public-031,0.0,0,commit_count,0.5,0,SCORED,0,squash-certified,0
1,public-031,-0.5976143046671968,1,line_count,0.8543689320388349,0,SCORED,1,squash-certified,0
1,public-031,-0.5976143046671968,1,token_count,0.9076187947969206,0,SCORED,1,squash-certified,0
1,public-031,-0.5976143046671968,1,structural_no_origin,0.8816729718369063,0,SCORED,1,squash-certified,0
1,public-031,-0.3779644730092272,1,entity_degree,0.7307692307692307,0,SCORED,1,squash-certified,0
1,public-031,1.0,1,rivet,0.0,1,CERTIFIED,0,reorder-independent,0
1,public-031,1.0,1,commit_count,0.0,1,SCORED,0,reorder-independent,0
1,public-031,1.0,1,line_count,0.0,1,SCORED,0,reorder-independent,0
1,public-031,1.0,1,token_count,0.0,1,SCORED,0,reorder-independent,0
1,public-031,1.0,1,structural_no_origin,0.0,1,SCORED,0,reorder-independent,0
1,public-031,1.0,1,entity_degree,0.0,1,SCORED,0,reorder-independent,0
1,public-031,1.0,1,rivet,0.0,1,CERTIFIED,0,formatting,0
1,public-031,1.0,1,commit_count,0.0,1,SCORED,0,formatting,0
1,public-031,0.6666666666666666,0,line_count,0.11329409066585124,0,SCORED,0,formatting,0
1,public-031,1.0,1,token_count,0.0,1,SCORED,0,formatting,0
1,public-031,1.0,1,structural_no_origin,0.0,1,SCORED,0,formatting,0
1,public-031,1.0,1,entity_degree,0.0,1,SCORED,0,formatting,0
1,public-031,1.0,1,rivet,0.0,1,CERTIFIED,0,empty-commit-padding,0
1,public-031,1.0,0,commit_count,0.0,0,SCORED,0,empty-commit-padding,0
1,public-031,1.0,1,line_count,0.0,1,SCORED,0,empty-commit-padding,0
1,public-031,1.0,1,token_count,0.0,1,SCORED,0,empty-commit-padding,0
1,public-031,1.0,1,structural_no_origin,0.0,1,SCORED,0,empty-commit-padding,0
1,public-031,1.0,1,entity_degree,0.0,1,SCORED,0,empty-commit-padding,0
1,public-031,1.0,1,rivet,0.0,1,CERTIFIED,0,file-move,0
1,public-031,1.0,1,commit_count,0.0,1,SCORED,0,file-move,0
1,public-031,1.0,1,line_count,0.0,1,SCORED,0,file-move,0
1,public-031,1.0,1,token_count,0.0,1,SCORED,0,file-move,0
1,public-031,1.0,1,structural_no_origin,0.0,1,SCORED,0,file-move,0
1,public-031,1.0,1,entity_degree,0.0,1,SCORED,0,file-move,0
1,public-031,1.0,1,rivet,0.0,1,CERTIFIED,0,event-map,0
1,public-031,1.0,1,commit_count,0.0,1,SCORED,0,event-map,0
1,public-031,1.0,1,line_count,0.0,1,SCORED,0,event-map,0
1,public-031,1.0,1,token_count,0.0,1,SCORED,0,event-map,0
1,public-031,1.0,1,structural_no_origin,0.0,1,SCORED,0,event-map,0
1,public-031,1.0,1,entity_degree,0.0,1,SCORED,0,event-map,0
1,public-031,1.0,1,rivet,0.0,1,CERTIFIED,0,alias-certified,0
1,public-031,-0.9574271077563381,1,commit_count,0.625,0,SCORED,1,alias-certified,0
1,public-031,0.2760262237369417,1,line_count,0.14563106796116504,0,SCORED,0,alias-certified,0
1,public-031,0.2760262237369417,1,token_count,0.09238120520307937,0,SCORED,0,alias-certified,0
1,public-031,0.2760262237369417,1,structural_no_origin,0.11832702816309373,0,SCORED,0,alias-certified,0
1,public-031,-0.22237479499833035,0,entity_degree,0.4444444444444444,0,SCORED,0,alias-certified,0
0,public-031,,1,rivet,,0,PARTIAL_ALIAS_ABSTENTION,,alias-ambiguous,0
0,public-031,-0.9574271077563381,1,commit_count,0.625,0,SCORED,1,alias-ambiguous,0
0,public-031,0.2760262237369417,1,line_count,0.14563106796116504,0,SCORED,0,alias-ambiguous,0
0,public-031,0.2760262237369417,1,token_count,0.09238120520307937,0,SCORED,0,alias-ambiguous,0
0,public-031,0.2760262237369417,1,structural_no_origin,0.11832702816309373,0,SCORED,0,alias-ambiguous,0
0,public-031,-0.22237479499833035,0,entity_degree,0.4444444444444444,0,SCORED,0,alias-ambiguous,0
0,public-031,,0,rivet,,0,ABSTAIN_ORIGIN,,squash-without-origin,8
0,public-031,0.2672612419124244,0,commit_count,0.25,0,SCORED,0,squash-without-origin,8
0,public-031,-0.31622776601683794,1,line_count,0.691747572815534,0,SCORED,1,squash-without-origin,8
0,public-031,-0.31622776601683794,1,token_count,0.7900185824263339,0,SCORED,1,squash-without-origin,8
0,public-031,-0.31622776601683794,1,structural_no_origin,0.7198402690205968,0,SCORED,1,squash-without-origin,8
0,public-031,-0.4444444444444444,1,entity_degree,0.6538461538461539,0,SCORED,1,squash-without-origin,8
1,public-032,1.0,1,rivet,0.0,1,CERTIFIED,0,split,0
1,public-032,1.0,0,commit_count,0.019230769230769232,0,SCORED,0,split,0
1,public-032,1.0,1,line_count,0.0,1,SCORED,0,split,0
1,public-032,1.0,1,token_count,0.0,1,SCORED,0,split,0
1,public-032,1.0,1,structural_no_origin,0.0,1,SCORED,0,split,0
1,public-032,1.0,1,entity_degree,0.0,1,SCORED,0,split,0
1,public-032,1.0,1,rivet,0.0,1,CERTIFIED,0,squash-certified,0
1,public-032,0.0,0,commit_count,0.5,0,SCORED,0,squash-certified,0
1,public-032,-0.3333333333333333,1,line_count,0.8373626373626374,0,SCORED,1,squash-certified,0
1,public-032,-0.3333333333333333,1,token_count,0.6593362654938025,0,SCORED,1,squash-certified,0
1,public-032,-0.3333333333333333,1,structural_no_origin,0.6075146505296909,0,SCORED,1,squash-certified,0
1,public-032,-0.3333333333333333,1,entity_degree,0.7142857142857143,0,SCORED,1,squash-certified,0
1,public-032,1.0,1,rivet,0.0,1,CERTIFIED,0,reorder-independent,0
1,public-032,1.0,1,commit_count,0.0,1,SCORED,0,reorder-independent,0
1,public-032,1.0,1,line_count,0.0,1,SCORED,0,reorder-independent,0
1,public-032,1.0,1,token_count,0.0,1,SCORED,0,reorder-independent,0
1,public-032,1.0,1,structural_no_origin,0.0,1,SCORED,0,reorder-independent,0
1,public-032,1.0,1,entity_degree,0.0,1,SCORED,0,reorder-independent,0
1,public-032,1.0,1,rivet,0.0,1,CERTIFIED,0,formatting,0
1,public-032,1.0,1,commit_count,0.0,1,SCORED,0,formatting,0
1,public-032,1.0,0,line_count,0.02517700085758162,0,SCORED,0,formatting,0
1,public-032,1.0,1,token_count,0.0,1,SCORED,0,formatting,0
1,public-032,1.0,1,structural_no_origin,0.0,1,SCORED,0,formatting,0
1,public-032,1.0,1,entity_degree,0.0,1,SCORED,0,formatting,0
1,public-032,1.0,1,rivet,0.0,1,CERTIFIED,0,empty-commit-padding,0
1,public-032,1.0,0,commit_count,0.0,0,SCORED,0,empty-commit-padding,0
1,public-032,1.0,1,line_count,0.0,1,SCORED,0,empty-commit-padding,0
1,public-032,1.0,1,token_count,0.0,1,SCORED,0,empty-commit-padding,0
1,public-032,1.0,1,structural_no_origin,0.0,1,SCORED,0,empty-commit-padding,0
1,public-032,1.0,1,entity_degree,0.0,1,SCORED,0,empty-commit-padding,0
1,public-032,1.0,1,rivet,0.0,1,CERTIFIED,0,file-move,0
1,public-032,1.0,1,commit_count,0.0,1,SCORED,0,file-move,0
1,public-032,1.0,1,line_count,0.0,1,SCORED,0,file-move,0
1,public-032,1.0,1,token_count,0.0,1,SCORED,0,file-move,0
1,public-032,1.0,1,structural_no_origin,0.0,1,SCORED,0,file-move,0
1,public-032,1.0,1,entity_degree,0.0,1,SCORED,0,file-move,0
1,public-032,1.0,1,rivet,0.0,1,CERTIFIED,0,event-map,0
1,public-032,1.0,1,commit_count,0.0,1,SCORED,0,event-map,0
1,public-032,1.0,1,line_count,0.0,1,SCORED,0,event-map,0
1,public-032,1.0,1,token_count,0.0,1,SCORED,0,event-map,0
1,public-032,1.0,1,structural_no_origin,0.0,1,SCORED,0,event-map,0
1,public-032,1.0,1,entity_degree,0.0,1,SCORED,0,event-map,0
1,public-032,1.0,1,rivet,0.0,1,CERTIFIED,0,alias-certified,0
1,public-032,-1.0,1,commit_count,0.75,0,SCORED,1,alias-certified,0
1,public-032,-0.9128709291752769,1,line_count,0.8945054945054945,0,SCORED,1,alias-certified,0
1,public-032,-0.9128709291752769,1,token_count,0.899640143942423,0,SCORED,1,alias-certified,0
1,public-032,-0.9128709291752769,1,structural_no_origin,0.7133433108882987,0,SCORED,1,alias-certified,0
1,public-032,-1.0,0,entity_degree,0.7272727272727273,0,SCORED,1,alias-certified,0
0,public-032,,1,rivet,,0,PARTIAL_ALIAS_ABSTENTION,,alias-ambiguous,0
0,public-032,-1.0,1,commit_count,0.75,0,SCORED,1,alias-ambiguous,0
0,public-032,-0.9128709291752769,1,line_count,0.8945054945054945,0,SCORED,1,alias-ambiguous,0
0,public-032,-0.9128709291752769,1,token_count,0.899640143942423,0,SCORED,1,alias-ambiguous,0
0,public-032,-0.9128709291752769,1,structural_no_origin,0.7133433108882987,0,SCORED,1,alias-ambiguous,0
0,public-032,-1.0,0,entity_degree,0.7272727272727273,0,SCORED,1,alias-ambiguous,0
0,public-032,,0,rivet,,0,ABSTAIN_ORIGIN,,squash-without-origin,3
0,public-032,0.8164965809277261,0,commit_count,0.14285714285714285,0,SCORED,0,squash-without-origin,3
0,public-032,1.0,1,line_count,0.024175824175824177,0,SCORED,0,squash-without-origin,3
0,public-032,1.0,1,token_count,0.06957217113154739,0,SCORED,0,squash-without-origin,3
0,public-032,1.0,1,structural_no_origin,0.1150165089555486,0,SCORED,0,squash-without-origin,3
0,public-032,0.3333333333333333,0,entity_degree,0.34615384615384615,0,SCORED,0,squash-without-origin,3
1,public-033,1.0,1,rivet,0.0,1,CERTIFIED,0,split,0
1,public-033,1.0,0,commit_count,0.041666666666666664,0,SCORED,0,split,0
1,public-033,1.0,1,line_count,0.0,1,SCORED,0,split,0
1,public-033,1.0,1,token_count,0.0,1,SCORED,0,split,0
1,public-033,1.0,1,structural_no_origin,0.0,1,SCORED,0,split,0
1,public-033,1.0,1,entity_degree,0.0,1,SCORED,0,split,0
1,public-033,1.0,1,rivet,0.0,1,CERTIFIED,0,squash-certified,0
1,public-033,0.3333333333333333,0,commit_count,0.25,0,SCORED,0,squash-certified,0
1,public-033,0.3333333333333333,1,line_count,0.3320610687022901,0,SCORED,0,squash-certified,0
1,public-033,0.3333333333333333,1,token_count,0.2940613026819923,0,SCORED,0,squash-certified,0
1,public-033,0.3333333333333333,1,structural_no_origin,0.23517124294522287,0,SCORED,0,squash-certified,0
1,public-033,-0.3333333333333333,1,entity_degree,0.5714285714285714,0,SCORED,1,squash-certified,0
1,public-033,1.0,1,rivet,0.0,1,CERTIFIED,0,reorder-independent,0
1,public-033,1.0,1,commit_count,0.0,1,SCORED,0,reorder-independent,0
1,public-033,1.0,1,line_count,0.0,1,SCORED,0,reorder-independent,0
1,public-033,1.0,1,token_count,0.0,1,SCORED,0,reorder-independent,0
1,public-033,1.0,1,structural_no_origin,0.0,1,SCORED,0,reorder-independent,0
1,public-033,1.0,1,entity_degree,0.0,1,SCORED,0,reorder-independent,0
1,public-033,1.0,1,rivet,0.0,1,CERTIFIED,0,formatting,0
1,public-033,1.0,1,commit_count,0.0,1,SCORED,0,formatting,0
1,public-033,1.0,0,line_count,0.004861614567785407,0,SCORED,0,formatting,0
1,public-033,1.0,1,token_count,0.0,1,SCORED,0,formatting,0
1,public-033,1.0,1,structural_no_origin,0.0,1,SCORED,0,formatting,0
1,public-033,1.0,1,entity_degree,0.0,1,SCORED,0,formatting,0
1,public-033,1.0,1,rivet,0.0,1,CERTIFIED,0,empty-commit-padding,0
1,public-033,1.0,0,commit_count,0.0,0,SCORED,0,empty-commit-padding,0
1,public-033,1.0,1,line_count,0.0,1,SCORED,0,empty-commit-padding,0
1,public-033,1.0,1,token_count,0.0,1,SCORED,0,empty-commit-padding,0
1,public-033,1.0,1,structural_no_origin,0.0,1,SCORED,0,empty-commit-padding,0
1,public-033,1.0,1,entity_degree,0.0,1,SCORED,0,empty-commit-padding,0
1,public-033,1.0,1,rivet,0.0,1,CERTIFIED,0,file-move,0
1,public-033,1.0,1,commit_count,0.0,1,SCORED,0,file-move,0
1,public-033,1.0,1,line_count,0.0,1,SCORED,0,file-move,0
1,public-033,1.0,1,token_count,0.0,1,SCORED,0,file-move,0
1,public-033,1.0,1,structural_no_origin,0.0,1,SCORED,0,file-move,0
1,public-033,1.0,1,entity_degree,0.0,1,SCORED,0,file-move,0
1,public-033,1.0,1,rivet,0.0,1,CERTIFIED,0,event-map,0
1,public-033,1.0,1,commit_count,0.0,1,SCORED,0,event-map,0
1,public-033,1.0,1,line_count,0.0,1,SCORED,0,event-map,0
1,public-033,1.0,1,token_count,0.0,1,SCORED,0,event-map,0
1,public-033,1.0,1,structural_no_origin,0.0,1,SCORED,0,event-map,0
1,public-033,1.0,1,entity_degree,0.0,1,SCORED,0,event-map,0
1,public-033,1.0,1,rivet,0.0,1,CERTIFIED,0,alias-certified,0
1,public-033,-0.9128709291752769,1,commit_count,0.875,0,SCORED,1,alias-certified,0
1,public-033,-0.9128709291752769,1,line_count,0.8931297709923665,0,SCORED,1,alias-certified,0
1,public-033,-0.9128709291752769,1,token_count,0.9109195402298851,0,SCORED,1,alias-certified,0
1,public-033,-0.9128709291752769,1,structural_no_origin,0.9905931502821911,0,SCORED,1,alias-certified,0
1,public-033,-1.0,0,entity_degree,0.7777777777777778,0,SCORED,1,alias-certified,0
0,public-033,,1,rivet,,0,PARTIAL_ALIAS_ABSTENTION,,alias-ambiguous,0
0,public-033,-0.9128709291752769,1,commit_count,0.875,0,SCORED,1,alias-ambiguous,0
0,public-033,-0.9128709291752769,1,line_count,0.8931297709923665,0,SCORED,1,alias-ambiguous,0
0,public-033,-0.9128709291752769,1,token_count,0.9109195402298851,0,SCORED,1,alias-ambiguous,0
0,public-033,-0.9128709291752769,1,structural_no_origin,0.9905931502821911,0,SCORED,1,alias-ambiguous,0
0,public-033,-1.0,0,entity_degree,0.7777777777777778,0,SCORED,1,alias-ambiguous,0
0,public-033,,0,rivet,,0,ABSTAIN_ORIGIN,,squash-without-origin,4
0,public-033,0.3333333333333333,0,commit_count,0.14285714285714285,0,SCORED,0,squash-without-origin,4
0,public-033,0.3333333333333333,1,line_count,0.3320610687022901,0,SCORED,0,squash-without-origin,4
0,public-033,0.3333333333333333,1,token_count,0.2940613026819923,0,SCORED,0,squash-without-origin,4
0,public-033,0.3333333333333333,1,structural_no_origin,0.23517124294522287,0,SCORED,0,squash-without-origin,4
0,public-033,-0.3333333333333333,1,entity_degree,0.5714285714285714,0,SCORED,1,squash-without-origin,4
1,public-034,1.0,1,rivet,0.0,1,CERTIFIED,0,split,0
1,public-034,0.3333333333333333,0,commit_count,0.125,0,SCORED,1,split,0
1,public-034,1.0,1,line_count,0.0,1,SCORED,0,split,0
1,public-034,1.0,1,token_count,0.0,1,SCORED,0,split,0
1,public-034,1.0,1,structural_no_origin,0.0,1,SCORED,0,split,0
1,public-034,1.0,1,entity_degree,0.0,1,SCORED,0,split,0
1,public-034,1.0,1,rivet,0.0,1,CERTIFIED,0,squash-certified,0
1,public-034,0.5477225575051661,0,commit_count,0.25,0,SCORED,0,squash-certified,0
1,public-034,0.3333333333333333,1,line_count,0.3058823529411765,0,SCORED,0,squash-certified,0
1,public-034,0.3333333333333333,1,token_count,0.2452153110047847,0,SCORED,1,squash-certified,0
1,public-034,0.6666666666666666,1,structural_no_origin,0.14265163906108677,0,SCORED,0,squash-certified,0
1,public-034,0.3333333333333333,0,entity_degree,0.19230769230769232,0,SCORED,0,squash-certified,0
1,public-034,1.0,1,rivet,0.0,1,CERTIFIED,0,reorder-independent,0
1,public-034,1.0,1,commit_count,0.0,1,SCORED,0,reorder-independent,0
1,public-034,1.0,1,line_count,0.0,1,SCORED,0,reorder-independent,0
1,public-034,1.0,1,token_count,0.0,1,SCORED,0,reorder-independent,0
1,public-034,1.0,1,structural_no_origin,0.0,1,SCORED,0,reorder-independent,0
1,public-034,1.0,1,entity_degree,0.0,1,SCORED,0,reorder-independent,0
1,public-034,1.0,1,rivet,0.0,1,CERTIFIED,0,formatting,0
1,public-034,1.0,1,commit_count,0.0,1,SCORED,0,formatting,0
1,public-034,1.0,0,line_count,0.1154371140721482,0,SCORED,0,formatting,0
1,public-034,1.0,1,token_count,0.0,1,SCORED,0,formatting,0
1,public-034,1.0,1,structural_no_origin,0.0,1,SCORED,0,formatting,0
1,public-034,1.0,1,entity_degree,0.0,1,SCORED,0,formatting,0
1,public-034,1.0,1,rivet,0.0,1,CERTIFIED,0,empty-commit-padding,0
1,public-034,1.0,0,commit_count,0.0,0,SCORED,0,empty-commit-padding,0
1,public-034,1.0,1,line_count,0.0,1,SCORED,0,empty-commit-padding,0
1,public-034,1.0,1,token_count,0.0,1,SCORED,0,empty-commit-padding,0
1,public-034,1.0,1,structural_no_origin,0.0,1,SCORED,0,empty-commit-padding,0
1,public-034,1.0,1,entity_degree,0.0,1,SCORED,0,empty-commit-padding,0
1,public-034,1.0,1,rivet,0.0,1,CERTIFIED,0,file-move,0
1,public-034,1.0,1,commit_count,0.0,1,SCORED,0,file-move,0
1,public-034,1.0,1,line_count,0.0,1,SCORED,0,file-move,0
1,public-034,1.0,1,token_count,0.0,1,SCORED,0,file-move,0
1,public-034,1.0,1,structural_no_origin,0.0,1,SCORED,0,file-move,0
1,public-034,1.0,1,entity_degree,0.0,1,SCORED,0,file-move,0
1,public-034,1.0,1,rivet,0.0,1,CERTIFIED,0,event-map,0
1,public-034,1.0,1,commit_count,0.0,1,SCORED,0,event-map,0
1,public-034,1.0,1,line_count,0.0,1,SCORED,0,event-map,0
1,public-034,1.0,1,token_count,0.0,1,SCORED,0,event-map,0
1,public-034,1.0,1,structural_no_origin,0.0,1,SCORED,0,event-map,0
1,public-034,1.0,1,entity_degree,0.0,1,SCORED,0,event-map,0
1,public-034,1.0,1,rivet,0.0,1,CERTIFIED,0,alias-certified,0
1,public-034,0.0,1,commit_count,0.375,0,SCORED,0,alias-certified,0
1,public-034,-0.5270462766947299,1,line_count,0.5411764705882353,0,SCORED,1,alias-certified,0
1,public-034,-0.31622776601683794,1,token_count,0.430622009569378,0,SCORED,1,alias-certified,0
1,public-034,-0.5270462766947299,1,structural_no_origin,0.6594168385295736,0,SCORED,1,alias-certified,0
1,public-034,-0.7378647873726218,0,entity_degree,0.8571428571428571,0,SCORED,1,alias-certified,0
0,public-034,,1,rivet,,0,PARTIAL_ALIAS_ABSTENTION,,alias-ambiguous,0
0,public-034,0.0,1,commit_count,0.375,0,SCORED,0,alias-ambiguous,0
0,public-034,-0.5270462766947299,1,line_count,0.5411764705882353,0,SCORED,1,alias-ambiguous,0
0,public-034,-0.31622776601683794,1,token_count,0.430622009569378,0,SCORED,1,alias-ambiguous,0
0,public-034,-0.5270462766947299,1,structural_no_origin,0.6594168385295736,0,SCORED,1,alias-ambiguous,0
0,public-034,-0.7378647873726218,0,entity_degree,0.8571428571428571,0,SCORED,1,alias-ambiguous,0
0,public-034,,0,rivet,,0,ABSTAIN_ORIGIN,,squash-without-origin,2
0,public-034,0.6666666666666666,0,commit_count,0.21428571428571427,0,SCORED,0,squash-without-origin,2
0,public-034,0.3333333333333333,1,line_count,0.3058823529411765,0,SCORED,0,squash-without-origin,2
0,public-034,0.3333333333333333,1,token_count,0.2452153110047847,0,SCORED,1,squash-without-origin,2
0,public-034,0.6666666666666666,1,structural_no_origin,0.14265163906108677,0,SCORED,0,squash-without-origin,2
0,public-034,0.3333333333333333,0,entity_degree,0.19230769230769232,0,SCORED,0,squash-without-origin,2
1,public-035,1.0,1,rivet,0.0,1,CERTIFIED,0,split,0
1,public-035,1.0,0,commit_count,0.0673076923076923,0,SCORED,0,split,0
1,public-035,1.0,1,line_count,0.0,1,SCORED,0,split,0
1,public-035,1.0,1,token_count,0.0,1,SCORED,0,split,0
1,public-035,1.0,1,structural_no_origin,0.0,1,SCORED,0,split,0
1,public-035,1.0,1,entity_degree,0.0,1,SCORED,0,split,0
1,public-035,1.0,1,rivet,0.0,1,CERTIFIED,0,squash-certified,0
1,public-035,0.8164965809277261,0,commit_count,0.25,0,SCORED,0,squash-certified,0
1,public-035,1.0,1,line_count,0.0958904109589041,0,SCORED,0,squash-certified,0
1,public-035,1.0,1,token_count,0.07298175456135966,0,SCORED,0,squash-certified,0
1,public-035,0.3333333333333333,1,structural_no_origin,0.09874641895831424,0,SCORED,0,squash-certified,0
1,public-035,0.3333333333333333,0,entity_degree,0.3,0,SCORED,0,squash-certified,0
1,public-035,1.0,1,rivet,0.0,1,CERTIFIED,0,reorder-independent,0
1,public-035,1.0,1,commit_count,0.0,1,SCORED,0,reorder-independent,0
1,public-035,1.0,1,line_count,0.0,1,SCORED,0,reorder-independent,0
1,public-035,1.0,1,token_count,0.0,1,SCORED,0,reorder-independent,0
1,public-035,1.0,1,structural_no_origin,0.0,1,SCORED,0,reorder-independent,0
1,public-035,1.0,1,entity_degree,0.0,1,SCORED,0,reorder-independent,0
1,public-035,1.0,1,rivet,0.0,1,CERTIFIED,0,formatting,0
1,public-035,1.0,1,commit_count,0.0,1,SCORED,0,formatting,0
1,public-035,1.0,0,line_count,0.040738030221454204,0,SCORED,0,formatting,0
1,public-035,1.0,1,token_count,0.0,1,SCORED,0,formatting,0
1,public-035,1.0,1,structural_no_origin,0.0,1,SCORED,0,formatting,0
1,public-035,1.0,1,entity_degree,0.0,1,SCORED,0,formatting,0
1,public-035,1.0,1,rivet,0.0,1,CERTIFIED,0,empty-commit-padding,0
1,public-035,1.0,0,commit_count,0.0,0,SCORED,0,empty-commit-padding,0
1,public-035,1.0,1,line_count,0.0,1,SCORED,0,empty-commit-padding,0
1,public-035,1.0,1,token_count,0.0,1,SCORED,0,empty-commit-padding,0
1,public-035,1.0,1,structural_no_origin,0.0,1,SCORED,0,empty-commit-padding,0
1,public-035,1.0,1,entity_degree,0.0,1,SCORED,0,empty-commit-padding,0
1,public-035,1.0,1,rivet,0.0,1,CERTIFIED,0,file-move,0
1,public-035,1.0,1,commit_count,0.0,1,SCORED,0,file-move,0
1,public-035,1.0,1,line_count,0.0,1,SCORED,0,file-move,0
1,public-035,1.0,1,token_count,0.0,1,SCORED,0,file-move,0
1,public-035,1.0,1,structural_no_origin,0.0,1,SCORED,0,file-move,0
1,public-035,1.0,1,entity_degree,0.0,1,SCORED,0,file-move,0
1,public-035,1.0,1,rivet,0.0,1,CERTIFIED,0,event-map,0
1,public-035,1.0,1,commit_count,0.0,1,SCORED,0,event-map,0
1,public-035,1.0,1,line_count,0.0,1,SCORED,0,event-map,0
1,public-035,1.0,1,token_count,0.0,1,SCORED,0,event-map,0
1,public-035,1.0,1,structural_no_origin,0.0,1,SCORED,0,event-map,0
1,public-035,1.0,1,entity_degree,0.0,1,SCORED,0,event-map,0
1,public-035,1.0,1,rivet,0.0,1,CERTIFIED,0,alias-certified,0
1,public-035,-0.4,1,commit_count,0.625,0,SCORED,1,alias-certified,0
1,public-035,-0.9128709291752769,1,line_count,0.8825831702544031,0,SCORED,1,alias-certified,0
1,public-035,-0.9128709291752769,1,token_count,0.9150212446888278,0,SCORED,1,alias-certified,0
1,public-035,-0.9128709291752769,1,structural_no_origin,0.9245492493028129,0,SCORED,1,alias-certified,0
1,public-035,-0.9128709291752769,0,entity_degree,0.8333333333333334,0,SCORED,1,alias-certified,0
0,public-035,,1,rivet,,0,PARTIAL_ALIAS_ABSTENTION,,alias-ambiguous,0
0,public-035,-0.4,1,commit_count,0.625,0,SCORED,1,alias-ambiguous,0
0,public-035,-0.9128709291752769,1,line_count,0.8825831702544031,0,SCORED,1,alias-ambiguous,0
0,public-035,-0.9128709291752769,1,token_count,0.9150212446888278,0,SCORED,1,alias-ambiguous,0
0,public-035,-0.9128709291752769,1,structural_no_origin,0.9245492493028129,0,SCORED,1,alias-ambiguous,0
0,public-035,-0.9128709291752769,0,entity_degree,0.8333333333333334,0,SCORED,1,alias-ambiguous,0
0,public-035,,0,rivet,,0,ABSTAIN_ORIGIN,,squash-without-origin,3
0,public-035,1.0,0,commit_count,0.14285714285714285,0,SCORED,0,squash-without-origin,3
0,public-035,1.0,1,line_count,0.0958904109589041,0,SCORED,0,squash-without-origin,3
0,public-035,1.0,1,token_count,0.07298175456135966,0,SCORED,0,squash-without-origin,3
0,public-035,0.3333333333333333,1,structural_no_origin,0.09874641895831424,0,SCORED,0,squash-without-origin,3
0,public-035,0.3333333333333333,0,entity_degree,0.3,0,SCORED,0,squash-without-origin,3
1,public-036,1.0,1,rivet,0.0,1,CERTIFIED,0,split,0
1,public-036,1.0,0,commit_count,0.041666666666666664,0,SCORED,0,split,0
1,public-036,1.0,1,line_count,0.0,1,SCORED,0,split,0
1,public-036,1.0,1,token_count,0.0,1,SCORED,0,split,0
1,public-036,1.0,1,structural_no_origin,0.0,1,SCORED,0,split,0
1,public-036,1.0,1,entity_degree,0.0,1,SCORED,0,split,0
1,public-036,1.0,1,rivet,0.0,1,CERTIFIED,0,squash-certified,0
1,public-036,-0.3333333333333333,0,commit_count,0.75,0,SCORED,1,squash-certified,0
1,public-036,-0.3333333333333333,1,line_count,0.7348484848484849,0,SCORED,1,squash-certified,0
1,public-036,-0.3333333333333333,1,token_count,0.7076226940480335,0,SCORED,1,squash-certified,0
1,public-036,0.3333333333333333,1,structural_no_origin,0.37486059366162294,0,SCORED,0,squash-certified,0
1,public-036,0.3333333333333333,0,entity_degree,0.47058823529411764,0,SCORED,0,squash-certified,0
1,public-036,1.0,1,rivet,0.0,1,CERTIFIED,0,reorder-independent,0
1,public-036,1.0,1,commit_count,0.0,1,SCORED,0,reorder-independent,0
1,public-036,1.0,1,line_count,0.0,1,SCORED,0,reorder-independent,0
1,public-036,1.0,1,token_count,0.0,1,SCORED,0,reorder-independent,0
1,public-036,1.0,1,structural_no_origin,0.0,1,SCORED,0,reorder-independent,0
1,public-036,1.0,1,entity_degree,0.0,1,SCORED,0,reorder-independent,0
1,public-036,1.0,1,rivet,0.0,1,CERTIFIED,0,formatting,0
1,public-036,1.0,1,commit_count,0.0,1,SCORED,0,formatting,0
1,public-036,1.0,0,line_count,0.06577974870657798,0,SCORED,0,formatting,0
1,public-036,1.0,1,token_count,0.0,1,SCORED,0,formatting,0
1,public-036,1.0,1,structural_no_origin,0.0,1,SCORED,0,formatting,0
1,public-036,1.0,1,entity_degree,0.0,1,SCORED,0,formatting,0
1,public-036,1.0,1,rivet,0.0,1,CERTIFIED,0,empty-commit-padding,0
1,public-036,1.0,0,commit_count,0.0,0,SCORED,0,empty-commit-padding,0
1,public-036,1.0,1,line_count,0.0,1,SCORED,0,empty-commit-padding,0
1,public-036,1.0,1,token_count,0.0,1,SCORED,0,empty-commit-padding,0
1,public-036,1.0,1,structural_no_origin,0.0,1,SCORED,0,empty-commit-padding,0
1,public-036,1.0,1,entity_degree,0.0,1,SCORED,0,empty-commit-padding,0
1,public-036,1.0,1,rivet,0.0,1,CERTIFIED,0,file-move,0
1,public-036,1.0,1,commit_count,0.0,1,SCORED,0,file-move,0
1,public-036,1.0,1,line_count,0.0,1,SCORED,0,file-move,0
1,public-036,1.0,1,token_count,0.0,1,SCORED,0,file-move,0
1,public-036,1.0,1,structural_no_origin,0.0,1,SCORED,0,file-move,0
1,public-036,1.0,1,entity_degree,0.0,1,SCORED,0,file-move,0
1,public-036,1.0,1,rivet,0.0,1,CERTIFIED,0,event-map,0
1,public-036,1.0,1,commit_count,0.0,1,SCORED,0,event-map,0
1,public-036,1.0,1,line_count,0.0,1,SCORED,0,event-map,0
1,public-036,1.0,1,token_count,0.0,1,SCORED,0,event-map,0
1,public-036,1.0,1,structural_no_origin,0.0,1,SCORED,0,event-map,0
1,public-036,1.0,1,entity_degree,0.0,1,SCORED,0,event-map,0
1,public-036,1.0,1,rivet,0.0,1,CERTIFIED,0,alias-certified,0
1,public-036,-0.4,1,commit_count,0.625,0,SCORED,1,alias-certified,0
1,public-036,-0.9128709291752769,1,line_count,0.9621212121212122,0,SCORED,1,alias-certified,0
1,public-036,-0.9128709291752769,1,token_count,0.9700661329620606,0,SCORED,1,alias-certified,0
1,public-036,-0.9128709291752769,1,structural_no_origin,0.9881508718118055,0,SCORED,1,alias-certified,0
1,public-036,-0.9128709291752769,0,entity_degree,0.7692307692307693,0,SCORED,1,alias-certified,0
0,public-036,,1,rivet,,0,PARTIAL_ALIAS_ABSTENTION,,alias-ambiguous,0
0,public-036,-0.4,1,commit_count,0.625,0,SCORED,1,alias-ambiguous,0
0,public-036,-0.9128709291752769,1,line_count,0.9621212121212122,0,SCORED,1,alias-ambiguous,0
0,public-036,-0.9128709291752769,1,token_count,0.9700661329620606,0,SCORED,1,alias-ambiguous,0
0,public-036,-0.9128709291752769,1,structural_no_origin,0.9881508718118055,0,SCORED,1,alias-ambiguous,0
0,public-036,-0.9128709291752769,0,entity_degree,0.7692307692307693,0,SCORED,1,alias-ambiguous,0
0,public-036,,0,rivet,,0,ABSTAIN_ORIGIN,,squash-without-origin,3
0,public-036,1.0,0,commit_count,0.14285714285714285,0,SCORED,0,squash-without-origin,3
0,public-036,0.3333333333333333,1,line_count,0.04040404040404041,0,SCORED,0,squash-without-origin,3
0,public-036,0.3333333333333333,1,token_count,0.05429864253393665,0,SCORED,0,squash-without-origin,3
0,public-036,0.3333333333333333,1,structural_no_origin,0.029274295697938716,0,SCORED,0,squash-without-origin,3
0,public-036,0.3333333333333333,1,entity_degree,0.2,0,SCORED,0,squash-without-origin,3
1,public-037,1.0,1,rivet,0.0,1,CERTIFIED,0,split,0
1,public-037,1.0,0,commit_count,0.027777777777777776,0,SCORED,0,split,0
1,public-037,1.0,1,line_count,0.0,1,SCORED,0,split,0
1,public-037,1.0,1,token_count,0.0,1,SCORED,0,split,0
1,public-037,1.0,1,structural_no_origin,2.7159226275052218e-18,1,SCORED,0,split,0
1,public-037,1.0,1,entity_degree,0.0,1,SCORED,0,split,0
1,public-037,1.0,1,rivet,0.0,1,CERTIFIED,0,squash-certified,0
1,public-037,0.0,0,commit_count,0.5,0,SCORED,0,squash-certified,0
1,public-037,0.18257418583505536,1,line_count,0.085619285120532,0,SCORED,0,squash-certified,0
1,public-037,0.18257418583505536,1,token_count,0.0958628841607565,0,SCORED,0,squash-certified,0
1,public-037,0.18257418583505536,1,structural_no_origin,0.05349897636520986,0,SCORED,0,squash-certified,0
1,public-037,0.18257418583505536,0,entity_degree,0.3333333333333333,0,SCORED,0,squash-certified,0
1,public-037,1.0,1,rivet,0.0,1,CERTIFIED,0,reorder-independent,0
1,public-037,1.0,1,commit_count,0.0,1,SCORED,0,reorder-independent,0
1,public-037,1.0,1,line_count,0.0,1,SCORED,0,reorder-independent,0
1,public-037,1.0,1,token_count,0.0,1,SCORED,0,reorder-independent,0
1,public-037,1.0,1,structural_no_origin,0.0,1,SCORED,0,reorder-independent,0
1,public-037,1.0,1,entity_degree,0.0,1,SCORED,0,reorder-independent,0
1,public-037,1.0,1,rivet,0.0,1,CERTIFIED,0,formatting,0
1,public-037,1.0,1,commit_count,0.0,1,SCORED,0,formatting,0
1,public-037,1.0,0,line_count,0.017615699012668483,0,SCORED,0,formatting,0
1,public-037,1.0,1,token_count,0.0,1,SCORED,0,formatting,0
1,public-037,1.0,1,structural_no_origin,0.0,1,SCORED,0,formatting,0
1,public-037,1.0,1,entity_degree,0.0,1,SCORED,0,formatting,0
1,public-037,1.0,1,rivet,0.0,1,CERTIFIED,0,empty-commit-padding,0
1,public-037,1.0,0,commit_count,0.0,0,SCORED,0,empty-commit-padding,0
1,public-037,1.0,1,line_count,0.0,1,SCORED,0,empty-commit-padding,0
1,public-037,1.0,1,token_count,0.0,1,SCORED,0,empty-commit-padding,0
1,public-037,1.0,1,structural_no_origin,0.0,1,SCORED,0,empty-commit-padding,0
1,public-037,1.0,1,entity_degree,0.0,1,SCORED,0,empty-commit-padding,0
1,public-037,1.0,1,rivet,0.0,1,CERTIFIED,0,file-move,0
1,public-037,1.0,1,commit_count,0.0,1,SCORED,0,file-move,0
1,public-037,1.0,1,line_count,0.0,1,SCORED,0,file-move,0
1,public-037,1.0,1,token_count,0.0,1,SCORED,0,file-move,0
1,public-037,1.0,1,structural_no_origin,0.0,1,SCORED,0,file-move,0
1,public-037,1.0,1,entity_degree,0.0,1,SCORED,0,file-move,0
1,public-037,1.0,1,rivet,0.0,1,CERTIFIED,0,event-map,0
1,public-037,1.0,1,commit_count,0.0,1,SCORED,0,event-map,0
1,public-037,1.0,1,line_count,0.0,1,SCORED,0,event-map,0
1,public-037,1.0,1,token_count,0.0,1,SCORED,0,event-map,0
1,public-037,1.0,1,structural_no_origin,0.0,1,SCORED,0,event-map,0
1,public-037,1.0,1,entity_degree,0.0,1,SCORED,0,event-map,0
1,public-037,1.0,1,rivet,0.0,1,CERTIFIED,0,alias-certified,0
1,public-037,-1.0,1,commit_count,0.75,0,SCORED,1,alias-certified,0
1,public-037,-0.7378647873726218,1,line_count,0.9883624272651704,0,SCORED,1,alias-certified,0
1,public-037,-0.7378647873726218,1,token_count,0.9825059101654846,0,SCORED,1,alias-certified,0
1,public-037,-0.7378647873726218,1,structural_no_origin,0.9869831317481919,0,SCORED,1,alias-certified,0
1,public-037,-0.7378647873726218,0,entity_degree,0.8529411764705882,0,SCORED,1,alias-certified,0
0,public-037,,1,rivet,,0,PARTIAL_ALIAS_ABSTENTION,,alias-ambiguous,0
0,public-037,-1.0,1,commit_count,0.75,0,SCORED,1,alias-ambiguous,0
0,public-037,-0.7378647873726218,1,line_count,0.9883624272651704,0,SCORED,1,alias-ambiguous,0
0,public-037,-0.7378647873726218,1,token_count,0.9825059101654846,0,SCORED,1,alias-ambiguous,0
0,public-037,-0.7378647873726218,1,structural_no_origin,0.9869831317481919,0,SCORED,1,alias-ambiguous,0
0,public-037,-0.7378647873726218,0,entity_degree,0.8529411764705882,0,SCORED,1,alias-ambiguous,0
0,public-037,,0,rivet,,0,ABSTAIN_ORIGIN,,squash-without-origin,2
0,public-037,0.4,0,commit_count,0.16071428571428573,0,SCORED,0,squash-without-origin,2
0,public-037,0.0,1,line_count,0.014131338320864505,0,SCORED,0,squash-without-origin,2
0,public-037,0.0,1,token_count,0.01879432624113475,0,SCORED,0,squash-without-origin,2
0,public-037,0.0,1,structural_no_origin,0.014396601215644053,0,SCORED,0,squash-without-origin,2
0,public-037,0.3333333333333333,1,entity_degree,0.15384615384615385,0,SCORED,0,squash-without-origin,2
1,public-038,1.0,1,rivet,0.0,1,CERTIFIED,0,split,0
1,public-038,0.0,0,commit_count,0.13636363636363635,0,SCORED,1,split,0
1,public-038,1.0,1,line_count,0.0,1,SCORED,0,split,0
1,public-038,1.0,1,token_count,0.0,1,SCORED,0,split,0
1,public-038,1.0,1,structural_no_origin,0.0,1,SCORED,0,split,0
1,public-038,1.0,1,entity_degree,0.0,1,SCORED,0,split,0
1,public-038,1.0,1,rivet,0.0,1,CERTIFIED,0,squash-certified,0
1,public-038,1.0,0,commit_count,0.0,0,SCORED,0,squash-certified,0
1,public-038,1.0,1,line_count,0.0,1,SCORED,0,squash-certified,0
1,public-038,1.0,1,token_count,0.0,1,SCORED,0,squash-certified,0
1,public-038,1.0,1,structural_no_origin,0.0,1,SCORED,0,squash-certified,0
1,public-038,1.0,1,entity_degree,0.0,1,SCORED,0,squash-certified,0
1,public-038,1.0,1,rivet,0.0,1,CERTIFIED,0,reorder-independent,0
1,public-038,1.0,1,commit_count,0.0,1,SCORED,0,reorder-independent,0
1,public-038,1.0,1,line_count,0.0,1,SCORED,0,reorder-independent,0
1,public-038,1.0,1,token_count,0.0,1,SCORED,0,reorder-independent,0
1,public-038,1.0,1,structural_no_origin,0.0,1,SCORED,0,reorder-independent,0
1,public-038,1.0,1,entity_degree,0.0,1,SCORED,0,reorder-independent,0
1,public-038,1.0,1,rivet,0.0,1,CERTIFIED,0,formatting,0
1,public-038,1.0,1,commit_count,0.0,1,SCORED,0,formatting,0
1,public-038,1.0,0,line_count,0.08080808080808081,0,SCORED,0,formatting,0
1,public-038,1.0,1,token_count,0.0,1,SCORED,0,formatting,0
1,public-038,1.0,1,structural_no_origin,0.0,1,SCORED,0,formatting,0
1,public-038,1.0,1,entity_degree,0.0,1,SCORED,0,formatting,0
1,public-038,1.0,1,rivet,0.0,1,CERTIFIED,0,empty-commit-padding,0
1,public-038,1.0,0,commit_count,0.0,0,SCORED,0,empty-commit-padding,0
1,public-038,1.0,1,line_count,0.0,1,SCORED,0,empty-commit-padding,0
1,public-038,1.0,1,token_count,0.0,1,SCORED,0,empty-commit-padding,0
1,public-038,1.0,1,structural_no_origin,0.0,1,SCORED,0,empty-commit-padding,0
1,public-038,1.0,1,entity_degree,0.0,1,SCORED,0,empty-commit-padding,0
1,public-038,1.0,1,rivet,0.0,1,CERTIFIED,0,file-move,0
1,public-038,1.0,1,commit_count,0.0,1,SCORED,0,file-move,0
1,public-038,1.0,1,line_count,0.0,1,SCORED,0,file-move,0
1,public-038,1.0,1,token_count,0.0,1,SCORED,0,file-move,0
1,public-038,1.0,1,structural_no_origin,0.0,1,SCORED,0,file-move,0
1,public-038,1.0,1,entity_degree,0.0,1,SCORED,0,file-move,0
1,public-038,1.0,1,rivet,0.0,1,CERTIFIED,0,event-map,0
1,public-038,1.0,1,commit_count,0.0,1,SCORED,0,event-map,0
1,public-038,1.0,1,line_count,0.0,1,SCORED,0,event-map,0
1,public-038,1.0,1,token_count,0.0,1,SCORED,0,event-map,0
1,public-038,1.0,1,structural_no_origin,0.0,1,SCORED,0,event-map,0
1,public-038,1.0,1,entity_degree,0.0,1,SCORED,0,event-map,0
1,public-038,1.0,1,rivet,0.0,1,CERTIFIED,0,alias-certified,0
1,public-038,0.0,1,commit_count,0.5,0,SCORED,0,alias-certified,0
1,public-038,-0.5477225575051661,1,line_count,0.9141414141414141,0,SCORED,1,alias-certified,0
1,public-038,-0.5477225575051661,1,token_count,0.919218989280245,0,SCORED,1,alias-certified,0
1,public-038,-0.9128709291752769,1,structural_no_origin,0.9918123478645718,0,SCORED,1,alias-certified,0
1,public-038,-0.8,1,entity_degree,0.7142857142857143,0,SCORED,1,alias-certified,0
0,public-038,,1,rivet,,0,PARTIAL_ALIAS_ABSTENTION,,alias-ambiguous,0
0,public-038,0.0,1,commit_count,0.5,0,SCORED,0,alias-ambiguous,0
0,public-038,-0.5477225575051661,1,line_count,0.9141414141414141,0,SCORED,1,alias-ambiguous,0
0,public-038,-0.5477225575051661,1,token_count,0.919218989280245,0,SCORED,1,alias-ambiguous,0
0,public-038,-0.9128709291752769,1,structural_no_origin,0.9918123478645718,0,SCORED,1,alias-ambiguous,0
0,public-038,-0.8,1,entity_degree,0.7142857142857143,0,SCORED,1,alias-ambiguous,0
0,public-038,,0,rivet,,0,ABSTAIN_ORIGIN,,squash-without-origin,3
0,public-038,0.5,0,commit_count,0.3,0,SCORED,0,squash-without-origin,3
0,public-038,-1.0,1,line_count,0.8686868686868687,0,SCORED,1,squash-without-origin,3
0,public-038,-0.3333333333333333,1,token_count,0.8579632465543645,0,SCORED,1,squash-without-origin,3
0,public-038,-0.3333333333333333,1,structural_no_origin,0.9714538614737774,0,SCORED,1,squash-without-origin,3
0,public-038,0.0,1,entity_degree,0.42857142857142855,0,SCORED,0,squash-without-origin,3
1,public-039,1.0,1,rivet,0.0,1,CERTIFIED,0,split,0
1,public-039,1.0,0,commit_count,0.05,0,SCORED,0,split,0
1,public-039,1.0,1,line_count,0.0,1,SCORED,0,split,0
1,public-039,1.0,1,token_count,0.0,1,SCORED,0,split,0
1,public-039,1.0,1,structural_no_origin,0.0,1,SCORED,0,split,0
1,public-039,1.0,1,entity_degree,0.0,1,SCORED,0,split,0
1,public-039,1.0,1,rivet,0.0,1,CERTIFIED,0,squash-certified,0
1,public-039,-0.18257418583505536,0,commit_count,0.75,0,SCORED,1,squash-certified,0
1,public-039,-0.5477225575051661,1,line_count,0.9864130434782609,0,SCORED,1,squash-certified,0
1,public-039,-0.5477225575051661,1,token_count,0.9856887298747764,0,SCORED,1,squash-certified,0
1,public-039,-0.5477225575051661,1,structural_no_origin,0.9874910781599686,0,SCORED,1,squash-certified,0
1,public-039,-0.4,0,entity_degree,0.7272727272727273,0,SCORED,1,squash-certified,0
1,public-039,1.0,1,rivet,0.0,1,CERTIFIED,0,reorder-independent,0
1,public-039,1.0,1,commit_count,0.0,1,SCORED,0,reorder-independent,0
1,public-039,1.0,1,line_count,0.0,1,SCORED,0,reorder-independent,0
1,public-039,1.0,1,token_count,0.0,1,SCORED,0,reorder-independent,0
1,public-039,1.0,1,structural_no_origin,0.0,1,SCORED,0,reorder-independent,0
1,public-039,1.0,1,entity_degree,0.0,1,SCORED,0,reorder-independent,0
1,public-039,1.0,1,rivet,0.0,1,CERTIFIED,0,formatting,0
1,public-039,1.0,1,commit_count,0.0,1,SCORED,0,formatting,0
1,public-039,1.0,0,line_count,0.07308845577211394,0,SCORED,0,formatting,0
1,public-039,1.0,1,token_count,0.0,1,SCORED,0,formatting,0
1,public-039,1.0,1,structural_no_origin,0.0,1,SCORED,0,formatting,0
1,public-039,1.0,1,entity_degree,0.0,1,SCORED,0,formatting,0
1,public-039,1.0,1,rivet,0.0,1,CERTIFIED,0,empty-commit-padding,0
1,public-039,1.0,0,commit_count,0.0,0,SCORED,0,empty-commit-padding,0
1,public-039,1.0,1,line_count,0.0,1,SCORED,0,empty-commit-padding,0
1,public-039,1.0,1,token_count,0.0,1,SCORED,0,empty-commit-padding,0
1,public-039,1.0,1,structural_no_origin,0.0,1,SCORED,0,empty-commit-padding,0
1,public-039,1.0,1,entity_degree,0.0,1,SCORED,0,empty-commit-padding,0
1,public-039,1.0,1,rivet,0.0,1,CERTIFIED,0,file-move,0
1,public-039,1.0,1,commit_count,0.0,1,SCORED,0,file-move,0
1,public-039,1.0,1,line_count,0.0,1,SCORED,0,file-move,0
1,public-039,1.0,1,token_count,0.0,1,SCORED,0,file-move,0
1,public-039,1.0,1,structural_no_origin,0.0,1,SCORED,0,file-move,0
1,public-039,1.0,1,entity_degree,0.0,1,SCORED,0,file-move,0
1,public-039,1.0,1,rivet,0.0,1,CERTIFIED,0,event-map,0
1,public-039,1.0,1,commit_count,0.0,1,SCORED,0,event-map,0
1,public-039,1.0,1,line_count,0.0,1,SCORED,0,event-map,0
1,public-039,1.0,1,token_count,0.0,1,SCORED,0,event-map,0
1,public-039,1.0,1,structural_no_origin,0.0,1,SCORED,0,event-map,0
1,public-039,1.0,1,entity_degree,0.0,1,SCORED,0,event-map,0
1,public-039,1.0,1,rivet,0.0,1,CERTIFIED,0,alias-certified,0
1,public-039,0.1259881576697424,1,commit_count,0.25,0,SCORED,0,alias-certified,0
1,public-039,-0.5270462766947299,1,line_count,0.6032608695652174,0,SCORED,1,alias-certified,0
1,public-039,-0.5270462766947299,1,token_count,0.5906976744186047,0,SCORED,1,alias-certified,0
1,public-039,-0.5270462766947299,1,structural_no_origin,0.5761961403442908,0,SCORED,1,alias-certified,0
1,public-039,-0.25,0,entity_degree,0.5,0,SCORED,0,alias-certified,0
0,public-039,,1,rivet,,0,PARTIAL_ALIAS_ABSTENTION,,alias-ambiguous,0
0,public-039,0.1259881576697424,1,commit_count,0.25,0,SCORED,0,alias-ambiguous,0
0,public-039,-0.5270462766947299,1,line_count,0.6032608695652174,0,SCORED,1,alias-ambiguous,0
0,public-039,-0.5270462766947299,1,token_count,0.5906976744186047,0,SCORED,1,alias-ambiguous,0
0,public-039,-0.5270462766947299,1,structural_no_origin,0.5761961403442908,0,SCORED,1,alias-ambiguous,0
0,public-039,-0.25,0,entity_degree,0.5,0,SCORED,0,alias-ambiguous,0
0,public-039,,0,rivet,,0,ABSTAIN_ORIGIN,,squash-without-origin,6
0,public-039,0.7071067811865476,0,commit_count,0.16071428571428573,0,SCORED,0,squash-without-origin,6
0,public-039,0.0,1,line_count,0.9429347826086957,0,SCORED,1,squash-without-origin,6
0,public-039,0.0,1,token_count,0.9384615384615385,0,SCORED,1,squash-without-origin,6
0,public-039,-0.3333333333333333,1,structural_no_origin,0.9767795526828297,0,SCORED,1,squash-without-origin,6
0,public-039,-0.4,0,entity_degree,0.46875,0,SCORED,1,squash-without-origin,6
1,public-040,1.0,1,rivet,0.0,1,CERTIFIED,0,split,0
1,public-040,1.0,0,commit_count,0.1,0,SCORED,0,split,0
1,public-040,1.0,1,line_count,0.0,1,SCORED,0,split,0
1,public-040,1.0,1,token_count,0.0,1,SCORED,0,split,0
1,public-040,1.0,1,structural_no_origin,0.0,1,SCORED,0,split,0
1,public-040,1.0,1,entity_degree,0.0,1,SCORED,0,split,0
1,public-040,1.0,1,rivet,0.0,1,CERTIFIED,0,squash-certified,0
1,public-040,-0.18257418583505536,0,commit_count,0.5,0,SCORED,1,squash-certified,0
1,public-040,0.4,1,line_count,0.2755102040816326,0,SCORED,0,squash-certified,0
1,public-040,0.4,1,token_count,0.2812971342383107,0,SCORED,0,squash-certified,0
1,public-040,0.4,1,structural_no_origin,0.2401656715912329,0,SCORED,0,squash-certified,0
1,public-040,0.3333333333333333,0,entity_degree,0.42857142857142855,0,SCORED,0,squash-certified,0
1,public-040,1.0,1,rivet,0.0,1,CERTIFIED,0,reorder-independent,0
1,public-040,1.0,1,commit_count,0.0,1,SCORED,0,reorder-independent,0
1,public-040,1.0,1,line_count,0.0,1,SCORED,0,reorder-independent,0
1,public-040,1.0,1,token_count,0.0,1,SCORED,0,reorder-independent,0
1,public-040,1.0,1,structural_no_origin,0.0,1,SCORED,0,reorder-independent,0
1,public-040,1.0,1,entity_degree,0.0,1,SCORED,0,reorder-independent,0
1,public-040,1.0,1,rivet,0.0,1,CERTIFIED,0,formatting,0
1,public-040,1.0,1,commit_count,0.0,1,SCORED,0,formatting,0
1,public-040,0.3333333333333333,0,line_count,0.1610287950796757,0,SCORED,0,formatting,0
1,public-040,1.0,1,token_count,0.0,1,SCORED,0,formatting,0
1,public-040,1.0,1,structural_no_origin,0.0,1,SCORED,0,formatting,0
1,public-040,1.0,1,entity_degree,0.0,1,SCORED,0,formatting,0
1,public-040,1.0,1,rivet,0.0,1,CERTIFIED,0,empty-commit-padding,0
1,public-040,1.0,0,commit_count,0.0,0,SCORED,0,empty-commit-padding,0
1,public-040,1.0,1,line_count,0.0,1,SCORED,0,empty-commit-padding,0
1,public-040,1.0,1,token_count,0.0,1,SCORED,0,empty-commit-padding,0
1,public-040,1.0,1,structural_no_origin,0.0,1,SCORED,0,empty-commit-padding,0
1,public-040,1.0,1,entity_degree,0.0,1,SCORED,0,empty-commit-padding,0
1,public-040,1.0,1,rivet,0.0,1,CERTIFIED,0,file-move,0
1,public-040,1.0,1,commit_count,0.0,1,SCORED,0,file-move,0
1,public-040,1.0,1,line_count,0.0,1,SCORED,0,file-move,0
1,public-040,1.0,1,token_count,0.0,1,SCORED,0,file-move,0
1,public-040,1.0,1,structural_no_origin,0.0,1,SCORED,0,file-move,0
1,public-040,1.0,1,entity_degree,0.0,1,SCORED,0,file-move,0
1,public-040,1.0,1,rivet,0.0,1,CERTIFIED,0,event-map,0
1,public-040,1.0,1,commit_count,0.0,1,SCORED,0,event-map,0
1,public-040,1.0,1,line_count,0.0,1,SCORED,0,event-map,0
1,public-040,1.0,1,token_count,0.0,1,SCORED,0,event-map,0
1,public-040,1.0,1,structural_no_origin,0.0,1,SCORED,0,event-map,0
1,public-040,1.0,1,entity_degree,0.0,1,SCORED,0,event-map,0
1,public-040,1.0,1,rivet,0.0,1,CERTIFIED,0,alias-certified,0
1,public-040,-0.3333333333333333,1,commit_count,0.5,0,SCORED,1,alias-certified,0
1,public-040,-0.5039526306789696,1,line_count,0.9897959183673469,0,SCORED,1,alias-certified,0
1,public-040,-0.5039526306789696,1,token_count,0.9668174962292609,0,SCORED,1,alias-certified,0
1,public-040,-0.5039526306789696,1,structural_no_origin,0.997708117566281,0,SCORED,1,alias-certified,0
1,public-040,-0.9128709291752769,1,entity_degree,0.8333333333333334,0,SCORED,1,alias-certified,0
0,public-040,,1,rivet,,0,PARTIAL_ALIAS_ABSTENTION,,alias-ambiguous,0
0,public-040,-0.3333333333333333,1,commit_count,0.5,0,SCORED,1,alias-ambiguous,0
0,public-040,-0.5039526306789696,1,line_count,0.9897959183673469,0,SCORED,1,alias-ambiguous,0
0,public-040,-0.5039526306789696,1,token_count,0.9668174962292609,0,SCORED,1,alias-ambiguous,0
0,public-040,-0.5039526306789696,1,structural_no_origin,0.997708117566281,0,SCORED,1,alias-ambiguous,0
0,public-040,-0.9128709291752769,1,entity_degree,0.8333333333333334,0,SCORED,1,alias-ambiguous,0
0,public-040,,0,rivet,,0,ABSTAIN_ORIGIN,,squash-without-origin,2
0,public-040,0.5477225575051661,0,commit_count,0.19642857142857142,0,SCORED,1,squash-without-origin,2
0,public-040,0.4,1,line_count,0.02040816326530612,0,SCORED,0,squash-without-origin,2
0,public-040,0.4,1,token_count,0.06485671191553545,0,SCORED,0,squash-without-origin,2
0,public-040,0.4,1,structural_no_origin,0.003437823650578509,0,SCORED,0,squash-without-origin,2
0,public-040,0.3333333333333333,0,entity_degree,0.16666666666666666,0,SCORED,0,squash-without-origin,2
